dataset,horizon,benchmark_row,AdaptiveLasso,AdaptiveLasso_dm_reject_10pct_share,Bagging,Bagging_dm_reject_10pct_share,ElasticNet,ElasticNet_dm_reject_10pct_share,GradientBoosting,GradientBoosting_dm_reject_10pct_share,HAR,HAR_dm_reject_10pct_share,HARQ,HARQ_dm_reject_10pct_share,HARX,HARX_dm_reject_10pct_share,Lasso,Lasso_dm_reject_10pct_share,LevHAR,LevHAR_dm_reject_10pct_share,LogHAR,LogHAR_dm_reject_10pct_share,NN1,NN1_dm_reject_10pct_share,NN1_1,NN1_1_dm_reject_10pct_share,NN2,NN2_dm_reject_10pct_share,NN2_1,NN2_1_dm_reject_10pct_share,NN3,NN3_dm_reject_10pct_share,NN3_1,NN3_1_dm_reject_10pct_share,NN4,NN4_dm_reject_10pct_share,NN4_1,NN4_1_dm_reject_10pct_share,PostLasso,PostLasso_dm_reject_10pct_share,RandomForest,RandomForest_dm_reject_10pct_share,Ridge,Ridge_dm_reject_10pct_share,SHAR,SHAR_dm_reject_10pct_share
MHAR,22,AdaptiveLasso,1.0,0.0,1.1905901591755046,0.28,0.9775503858395613,0.48,1.2884775858430226,0.12,0.9105480947265275,0.84,0.8931653895306106,0.48,0.9105480947265275,0.84,0.9977573807415325,0.28,1.0102355710223418,0.4,0.6986814837001867,0.96,0.636237806362428,0.8,1.0379665140992316,0.8,4.069746231029001,0.56,0.9352923496082323,0.64,0.677105778803603,0.72,0.8350990846462913,0.72,0.6860602752617097,0.72,0.7310917281888897,0.68,0.9402910727363224,0.84,0.9397063802576846,0.32,0.9634617975190377,0.84,0.9289525668834746,0.76
MHAR,22,Bagging,0.9904900801612364,0.04,1.0,0.0,0.9604767829317332,0.04,1.2385773636016768,0.12,0.8849773917139392,0.16,0.8840191901108955,0.08,0.8849773917139392,0.16,0.9818565717266925,0.04,0.9778532015552066,0.04,0.6830218580588501,0.48,0.6326311676423555,0.4,1.261347220442169,0.4,4.275368851609841,0.28,0.8746113683859273,0.44,0.6733399151521706,0.4,0.8489722924674181,0.4,0.6851621548839204,0.4,0.7097201352492156,0.4,0.9210063620296175,0.12,0.8720747513308054,0.28,0.9409394218677626,0.12,0.8907453721060441,0.12
MHAR,22,ElasticNet,1.0275932338169198,0.0,1.213277297108528,0.28,1.0,0.0,1.3129571758006637,0.12,0.9286269177732552,0.88,0.9139898361250489,0.44,0.9286269177732552,0.88,1.0212424428258828,0.0,1.030727442648615,0.44,0.7134745539374195,0.96,0.6514754327182931,0.76,1.0726400087926162,0.76,4.387245198387509,0.52,0.9471650213025308,0.64,0.6937314014345101,0.68,0.8524348238392355,0.68,0.7032142433505697,0.68,0.7487345464367783,0.64,0.9596956400922388,0.68,0.9602480821914473,0.32,0.9833099413882835,0.68,0.9458658944200894,0.84
MHAR,22,GradientBoosting,0.8735746671402835,0.16,0.9787795481268172,0.32,0.8481173282392289,0.24,1.0,0.0,0.7934254214111561,0.6,0.7882272773711194,0.52,0.7934254214111561,0.6,0.8657395877654838,0.2,0.856701696392316,0.4,0.6109970145136168,0.84,0.5684291557520573,0.72,1.1339449072785484,0.68,3.1466228559024176,0.56,0.7669146554877677,0.56,0.6043674889883026,0.72,0.7653490993174976,0.76,0.6144597784357085,0.68,0.638883818986279,0.64,0.8158832341665903,0.44,0.7984622785906546,0.68,0.8417471286885839,0.44,0.8028123655930764,0.52
MHAR,22,HAR,1.1446724675818813,0.0,1.3524768610441904,0.16,1.1114351397348512,0.0,1.4666073688238377,0.04,1.0,0.0,1.0051862946344856,0.0,1.0,0.0,1.1356581748385592,0.0,1.131214301976727,0.12,0.7770004536945894,0.76,0.7102160661063286,0.52,1.1919139812072503,0.4,5.146374614293936,0.28,1.041874660332419,0.44,0.7557956503570042,0.32,0.9338334055308195,0.32,0.7656646076624409,0.32,0.8155200621635451,0.4,1.0562263076898106,0.0,1.0624288567962188,0.12,1.0632561265036962,0.0,1.0186022279698688,0.12
MHAR,22,HARQ,1.1506905223667145,0.0,1.3790068019577646,0.16,1.1197737236292489,0.0,1.4954020539206956,0.04,1.022905694479398,0.12,1.0,0.0,1.022905694479398,0.12,1.1426992207532125,0.0,1.1442213069717613,0.12,0.7825221022889466,0.8,0.7085817031146582,0.64,1.1914647907580098,0.52,6.038902530211978,0.32,1.0508801055601327,0.48,0.7496884089393296,0.44,0.8903853177436339,0.48,0.7585364727484027,0.44,0.8180369341339491,0.48,1.0688159203859953,0.0,1.076443461984872,0.24,1.0835390743745348,0.0,1.0473005642823119,0.12
MHAR,22,HARX,1.1446724675818813,0.0,1.3524768610441904,0.16,1.1114351397348512,0.0,1.4666073688238377,0.04,1.0,0.0,1.0051862946344856,0.0,1.0,0.0,1.1356581748385592,0.0,1.131214301976727,0.12,0.7770004536945894,0.76,0.7102160661063286,0.52,1.1919139812072503,0.4,5.146374614293936,0.28,1.041874660332419,0.44,0.7557956503570042,0.32,0.9338334055308195,0.32,0.7656646076624409,0.32,0.8155200621635451,0.4,1.0562263076898106,0.0,1.0624288567962188,0.12,1.0632561265036962,0.0,1.0186022279698688,0.12
MHAR,22,Lasso,1.0064496773918192,0.2,1.1897024408921324,0.28,0.9799755330926156,0.44,1.284780099639848,0.12,0.9110797828228744,0.88,0.895401715141091,0.52,0.9110797828228744,0.88,1.0,0.0,1.0096169144027791,0.44,0.699920195016108,0.96,0.6394696559368376,0.76,1.0537223839699175,0.8,4.371542071876508,0.52,0.9338949700679514,0.64,0.6807578610673698,0.68,0.8385035331326622,0.68,0.6900288867479567,0.72,0.7361944340840069,0.68,0.9401357570072786,0.84,0.9414470235217796,0.28,0.9638771554442022,0.88,0.9286011308848025,0.8
MHAR,22,LevHAR,1.0455420138085234,0.12,1.2037402939441917,0.2,1.0153065165729809,0.12,1.2959350123319542,0.08,0.9242311698998882,0.4,0.9219823347383744,0.24,0.9242311698998882,0.4,1.0359287637047347,0.12,1.0,0.0,0.7187364862164273,0.8,0.6675213493510428,0.56,1.1554729032996949,0.52,4.967072255613427,0.32,0.9909251363736967,0.56,0.7120708313806721,0.48,0.8854327290623565,0.48,0.7225745683217448,0.44,0.7715692962413355,0.48,0.9669481727566596,0.16,0.964299751546135,0.16,0.9782945308084123,0.2,0.9400490088754705,0.4
MHAR,22,LogHAR,1.4870602453865913,0.0,1.784760439495591,0.0,1.4447238707634458,0.0,1.9287754894999103,0.0,1.3074073021032904,0.0,1.2962120808117348,0.0,1.3074073021032904,0.0,1.4767645507632985,0.0,1.481668311464184,0.0,1.0,0.0,0.9035103459638236,0.2,1.6150215995575612,0.28,6.956186345060264,0.16,1.3205604025430064,0.24,0.9541687841891096,0.24,1.1594839787272535,0.2,0.965502803252702,0.24,1.0342676819533718,0.28,1.378477094271004,0.0,1.383256744671395,0.0,1.3920893452207588,0.0,1.3350351145219337,0.0
MHAR,22,NN1,1.732770664243774,0.0,2.116614869611249,0.04,1.6866961090131567,0.0,2.31603963141766,0.0,1.5255109494557204,0.0,1.5042182534308102,0.0,1.5255109494557204,0.0,1.7258567287979494,0.0,1.7603050991219058,0.0,1.1551740500270093,0.04,1.0,0.0,1.677368594468574,0.28,8.509369248088065,0.04,1.4754726398343945,0.08,1.0492291440815142,0.0,1.2663787347014044,0.08,1.056139913096969,0.04,1.1473569599589708,0.04,1.6132825363342946,0.0,1.6194105843756617,0.04,1.629622301549575,0.0,1.553165373428407,0.0
MHAR,22,NN1_1,1.6632421795598555,0.0,2.049762334823584,0.0,1.620289466740456,0.0,2.2633965812786774,0.0,1.4647906771174601,0.0,1.4453382543850324,0.0,1.4647906771174601,0.0,1.658173824890827,0.0,1.6994025699100024,0.0,1.1163365966277865,0.0,0.9641388284806606,0.2,1.0,0.0,8.20779891837963,0.04,1.430940302280301,0.04,1.0243183983113229,0.08,1.2310530135640527,0.16,1.0313520410436643,0.04,1.1214765180254542,0.04,1.5471994407455538,0.0,1.5702130298360073,0.0,1.5609232118127592,0.0,1.4947609588686654,0.0
MHAR,22,NN2,1.3493177174896351,0.0,1.7149559924051059,0.04,1.3208942675070765,0.0,1.6925682195774823,0.04,1.2135098639314927,0.0,1.2060472086332106,0.0,1.2135098639314927,0.0,1.3523003981352146,0.0,1.3742474126454371,0.04,0.9250238027356454,0.08,0.8125119752547275,0.32,1.7620607797407488,0.52,1.0,0.0,1.2037706412616012,0.16,0.8428196597545987,0.2,1.0480631543940946,0.24,0.8501319075564753,0.12,0.9464994315941851,0.12,1.2769305694782132,0.0,1.282638552480316,0.04,1.2939634201358015,0.0,1.2182138845054862,0.0
MHAR,22,NN2_1,1.5013147626135304,0.0,1.7741555568611107,0.04,1.4527552733531666,0.0,1.9772617730350581,0.04,1.3135566476870644,0.16,1.306689825410932,0.08,1.3135566476870644,0.16,1.4896917382244228,0.0,1.5422813196240377,0.16,0.9939517608011665,0.16,0.8579729483249595,0.44,1.7201620609566524,0.32,7.847467380102732,0.28,1.0,0.0,0.8926281937861463,0.24,1.103974211735244,0.4,0.9013479225988555,0.2,0.9175555359479202,0.16,1.387607811223065,0.08,1.3744917735304614,0.12,1.4111179437389598,0.08,1.3382055661069423,0.16
MHAR,22,NN3,1.6889638082795906,0.0,2.0818594968561017,0.04,1.6446660013514776,0.0,2.251683549842489,0.04,1.4853896271682114,0.08,1.460253403759176,0.0,1.4853896271682114,0.08,1.6826687325246235,0.0,1.7175736680141978,0.08,1.1172352237451222,0.08,0.9641747038836423,0.48,1.901934672673443,0.48,7.98630194714955,0.12,1.4060286566838953,0.2,1.0,0.0,1.1989781127588757,0.32,1.0075239358660701,0.08,1.0885480051264178,0.12,1.5737285046709226,0.0,1.5769785011496773,0.04,1.5895636107810776,0.0,1.5135138259981216,0.08
MHAR,22,NN3_1,1.5854410330011435,0.0,1.9429719204647002,0.04,1.545914000343918,0.0,2.1210924760669623,0.04,1.4022998929817203,0.08,1.3615309211221946,0.0,1.4022998929817203,0.08,1.5799260282848149,0.0,1.6183614710501524,0.08,1.0525532398487925,0.08,0.9034789600836071,0.24,1.644811241198239,0.28,8.236895437768073,0.12,1.350771298601604,0.08,0.9403489787334902,0.12,1.0,0.0,0.9469427416258017,0.04,1.0411814039844631,0.12,1.4810604634775117,0.0,1.484264068011771,0.04,1.4979743782152843,0.0,1.4330065875156845,0.08
MHAR,22,NN4,1.683786183750044,0.0,2.086075356196953,0.04,1.6403209984245815,0.04,2.2507526279799044,0.04,1.4808792434517353,0.08,1.454556397878771,0.04,1.4808792434517353,0.08,1.6779576851752693,0.0,1.7122064815307825,0.08,1.1133183513063691,0.08,0.9581880215967761,0.48,1.8816307041002829,0.48,8.067501026438642,0.36,1.4055964157706236,0.32,0.9948405841701478,0.32,1.1994474724743043,0.36,1.0,0.0,1.0936688994020536,0.24,1.5702683965779727,0.04,1.5757801116647712,0.04,1.584552365024394,0.04,1.5099223026542714,0.08
MHAR,22,NN4_1,1.6331208503578114,0.0,1.9744102841364937,0.04,1.5898550285721214,0.04,2.166616761172474,0.04,1.4356409556203757,0.04,1.415152634307804,0.04,1.4356409556203757,0.04,1.6279567044733632,0.0,1.6611785789083233,0.04,1.0811326474191028,0.08,0.9367438760309813,0.36,1.9072997870410668,0.48,8.123150657308162,0.24,1.2868271465622314,0.24,0.9704275722645754,0.28,1.1841909656595022,0.4,0.9795731006053497,0.16,1.0,0.0,1.5189794003144967,0.04,1.5122183245024794,0.04,1.5379152664823568,0.04,1.4695080560762397,0.08
MHAR,22,PostLasso,1.0804247678702452,0.0,1.2730713055696647,0.2,1.0492335130324881,0.0,1.37794341265863,0.08,0.959552248189468,0.88,0.9539099482286801,0.16,0.959552248189468,0.88,1.0710160587475306,0.0,1.0726165081529186,0.24,0.7426242165405753,0.84,0.6795252854367176,0.6,1.1109000691950726,0.48,4.972998298432631,0.32,0.9938177974535912,0.52,0.7234674370295128,0.52,0.8956832400919761,0.48,0.7334463945488569,0.36,0.7787309839060211,0.44,1.0,0.0,1.006132019875321,0.2,1.0165784238682352,0.12,0.9781200492591728,0.76
MHAR,22,RandomForest,1.1028375170194016,0.04,1.2171895344979897,0.04,1.071706210399177,0.04,1.3974840278232017,0.04,0.9848184740385258,0.08,0.9790761649419046,0.08,0.9848184740385258,0.08,1.0949512088528648,0.04,1.093214704702543,0.0,0.7590504154865846,0.48,0.6983675806637831,0.44,1.3087421428854022,0.4,4.844115890914766,0.32,0.9944795510459161,0.44,0.7426028650288401,0.4,0.9222876741071582,0.4,0.7543172551164231,0.4,0.7921855363394472,0.4,1.0264670732471155,0.04,1.0,0.0,1.0458709039641847,0.08,0.9974291868761611,0.08
MHAR,22,Ridge,1.0764932877724172,0.0,1.2710197397541692,0.2,1.0455132992830547,0.0,1.3792211580277571,0.08,0.9427392293857055,0.84,0.9452249915185875,0.16,0.9427392293857055,0.84,1.0674190311531582,0.0,1.0613249288033901,0.24,0.7332980031769898,0.84,0.6718180602886595,0.56,1.1002405670548108,0.52,4.962150853446049,0.32,0.9932112458673319,0.52,0.7154841832353536,0.48,0.8884674026669646,0.48,0.7248423993266015,0.36,0.7744346954519098,0.4,0.9928347586165721,0.2,1.0011032009201326,0.2,1.0,0.0,0.9613118702769633,0.68
MHAR,22,SHAR,1.1338851453075727,0.0,1.3160064837684806,0.16,1.0995574341322045,0.0,1.4426542430640357,0.04,0.9892136053013739,0.04,0.9981123439059817,0.0,0.9892136053013739,0.04,1.1241248065159497,0.0,1.1180732770226418,0.04,0.7701278880701921,0.72,0.7033666792009491,0.48,1.1956360871548164,0.4,5.001140337915226,0.28,1.0429660798334677,0.48,0.7493574310464435,0.32,0.930489238374637,0.4,0.7595932122456781,0.32,0.8117575808338725,0.4,1.0455532534960503,0.0,1.0450825738091771,0.12,1.0527313385779247,0.0,1.0,0.0
PARTIAL_MALL,22,AdaptiveLasso,1.0,0.0,0.6863670896473336,0.76,0.8644689512414672,0.76,0.7467395015541828,0.76,0.7175445968509233,0.84,0.8971096071173053,0.72,0.9253819362715251,0.68,0.9754958680061643,0.2,0.9497726759062428,0.56,0.5214461920603657,0.96,0.5517940571554165,0.76,0.5541780940308909,0.84,0.6824828647828349,0.68,1.8413591309113846,0.76,0.5621181495788279,0.8,0.5680956239165147,0.8,0.5679254919425687,0.8,0.5693650552691998,0.8,0.9517467618795681,0.52,0.5664214693548787,0.96,0.9730965507289854,0.56,0.9353093853481205,0.64
PARTIAL_MALL,22,Bagging,1.892768560837936,0.04,1.0,0.0,1.5665570344589748,0.04,1.1913741581670498,0.04,1.1501280142906447,0.04,1.6486517647620378,0.0,1.7010351478974053,0.0,1.8395308611502177,0.04,1.7671303018670717,0.0,0.8318560166217358,0.36,0.8784985774619904,0.28,0.8779144699073269,0.24,1.0824815205736562,0.24,1.8964292633936954,0.12,0.8885555071165631,0.24,0.8977231828503437,0.24,0.8981322129151529,0.24,0.901363881237423,0.24,1.796854267309996,0.0,0.8954515685099611,0.28,1.8071484961893232,0.0,1.704229341737068,0.0
PARTIAL_MALL,22,ElasticNet,1.176915012939521,0.0,0.7834526548758608,0.72,1.0,0.0,0.8536872810986479,0.6,0.8132078839528596,0.64,1.0476010841925345,0.2,1.0806797695063373,0.32,1.1448049416719663,0.04,1.1125340606674157,0.16,0.5913139170530504,0.96,0.6278046268587981,0.64,0.6320027720228152,0.76,0.7643161083422606,0.56,2.25705299516271,0.68,0.6412725676127278,0.68,0.6480007712029148,0.64,0.6482128363559687,0.64,0.6504120405489493,0.64,1.115973884943317,0.08,0.6459491358397663,0.92,1.137260390429644,0.12,1.0942647265561087,0.24
PARTIAL_MALL,22,GradientBoosting,1.6525160498895541,0.0,0.9266554382726643,0.6,1.3551233837958958,0.08,1.0,0.0,0.9887572914506447,0.44,1.452317946552612,0.12,1.5016604567372664,0.08,1.6109742225399901,0.0,1.5655880848131951,0.04,0.7140493935941286,0.92,0.7443779674998029,0.64,0.7563115621525104,0.6,0.9009787079278595,0.48,1.8949575690321665,0.52,0.765157457368763,0.56,0.7726800194346883,0.6,0.7731272618011797,0.56,0.7762236300219005,0.6,1.5834930605900859,0.08,0.7749270020323251,0.84,1.5986707980794812,0.08,1.5073474517082988,0.04
PARTIAL_MALL,22,HAR,1.7317130846149653,0.0,1.0179314578059466,0.32,1.4243376867496602,0.0,1.0987991105379644,0.04,1.0,0.0,1.505397347735926,0.0,1.5493944414166156,0.0,1.69053081815711,0.0,1.6168665827530853,0.0,0.737141314682313,0.84,0.7637165447250298,0.36,0.7688726749935167,0.28,0.9233864855430528,0.28,2.154223481085147,0.32,0.7804535598762459,0.32,0.7889403474171464,0.28,0.7887091472504575,0.32,0.791566167754589,0.32,1.644715618471529,0.0,0.8189171651288357,0.64,1.6506829633105866,0.0,1.5587902559766929,0.0
PARTIAL_MALL,22,HARQ,1.1403981861891013,0.08,0.7674795552572058,0.72,0.9793931667800344,0.24,0.8467330613854412,0.56,0.7936231568856662,0.68,1.0,0.0,1.0352807476762915,0.04,1.107325178806226,0.04,1.0628726239590969,0.0,0.5759110316436521,0.96,0.6117078726918906,0.64,0.6038526870455755,0.8,0.7721198299811625,0.6,2.095950866804223,0.72,0.6117944399635681,0.76,0.6186074145574633,0.72,0.618159473300842,0.72,0.6204421486923074,0.68,1.0752427813106236,0.08,0.6303317133083063,0.88,1.0892514784382423,0.0,1.0492040367985687,0.08
PARTIAL_MALL,22,HARX,1.105987733970572,0.04,0.7424448543181391,0.76,0.950554139667579,0.28,0.8180111207757856,0.6,0.7595787786477498,0.72,0.9754499657198182,0.16,1.0,0.0,1.074717413273956,0.04,1.0294458935358675,0.04,0.5576512797474704,0.96,0.5911797997439459,0.68,0.5915279899559122,0.76,0.7369640782582831,0.6,1.8588637712143887,0.72,0.6000658065969212,0.76,0.6066265097923667,0.68,0.6064135375848942,0.72,0.6083534626648798,0.68,1.0406130788233963,0.08,0.6095639882675665,0.88,1.0521625050981043,0.0,1.011690092678462,0.24
PARTIAL_MALL,22,Lasso,1.029237252446881,0.08,0.7028520272809884,0.8,0.887139640201855,0.76,0.7667037164573393,0.68,0.7367711672029915,0.84,0.9189180569222342,0.6,0.9483334748420355,0.64,1.0,0.0,0.9727678394017362,0.44,0.5347005635867293,0.96,0.5670577789295741,0.72,0.5678823969408269,0.84,0.6989669284376632,0.64,1.9435593855457804,0.76,0.5751821867374999,0.8,0.5812426439726828,0.8,0.581117169577669,0.8,0.5828771084485403,0.8,0.9759892930508721,0.28,0.5807937424934255,0.92,0.9967721527945668,0.52,0.9596856022395321,0.64
PARTIAL_MALL,22,LevHAR,1.0778164588960337,0.08,0.7244520733249054,0.76,0.9277731082155253,0.28,0.8028249604526991,0.6,0.7497145777564433,0.68,0.9497009035695357,0.32,0.9758809901795666,0.32,1.0464601246668308,0.08,1.0,0.0,0.5487150449592312,0.96,0.5859874077141655,0.68,0.5843274246354072,0.76,0.7309904310744381,0.6,1.832942644301314,0.72,0.5926226411729688,0.72,0.598716569100653,0.68,0.5988783196843599,0.68,0.6008021075416444,0.68,1.0133546371682798,0.12,0.598109066587616,0.92,1.0260439108595272,0.08,0.9871864764560011,0.36
PARTIAL_MALL,22,LogHAR,2.413601483205125,0.0,1.3683078033330096,0.08,1.968452404444131,0.0,1.4879058874470386,0.0,1.3774096351958403,0.0,2.0882285468321977,0.0,2.1635582432646094,0.0,2.3530609826289925,0.0,2.258601246011722,0.0,1.0,0.0,1.0373616745603673,0.24,1.0344653430985948,0.16,1.2627786446403064,0.08,3.04427167770146,0.08,1.046597731102313,0.08,1.0584408038656017,0.08,1.0575311733088029,0.08,1.062395915745966,0.08,2.297723507388345,0.0,1.1116760945496595,0.0,2.308677508477474,0.0,2.1772004938771983,0.0
PARTIAL_MALL,22,NN1,2.709264778641893,0.0,1.5095596583681823,0.08,2.1769986811741937,0.0,1.5717905163602401,0.04,1.4509544981568834,0.0,2.3286395299414546,0.0,2.421008861145674,0.0,2.649965131667546,0.0,2.5379846422357026,0.0,1.0535230995032487,0.12,1.0,0.0,1.0209335895243268,0.12,1.1996403571913712,0.08,2.8459517288593683,0.04,1.0313505139244656,0.0,1.0470157347897118,0.0,1.0418532955918416,0.0,1.0473932865550668,0.04,2.593729628226843,0.0,1.182427398143899,0.12,2.59975383718315,0.0,2.429719230937375,0.0
PARTIAL_MALL,22,NN1_1,2.775143929227467,0.0,1.5067134263883628,0.08,2.222465883623557,0.0,1.6022898808863077,0.08,1.461972519236924,0.04,2.3598739928883763,0.0,2.4700169935548333,0.0,2.707667023531706,0.0,2.592144368302316,0.0,1.052508288391794,0.12,1.038183556467451,0.44,1.0,0.0,1.2569939729633308,0.16,3.0730621684224375,0.16,1.0159497770114103,0.08,1.0316297324828632,0.12,1.0260380897929346,0.08,1.0309508274513066,0.08,2.6539203441934545,0.0,1.1862353403393453,0.12,2.6492056913328197,0.0,2.4813658043411757,0.0
PARTIAL_MALL,22,NN2,2.5091432051194813,0.0,1.3601534755131524,0.12,1.994518818748628,0.0,1.3955718121235705,0.08,1.2976459563323026,0.08,2.147182395575954,0.0,2.235781296536675,0.0,2.4464042172790075,0.0,2.34570381136276,0.0,0.939306733815123,0.16,0.8966246637631294,0.52,0.9048771000581839,0.44,1.0,0.0,2.650142297877739,0.16,0.9094428080704655,0.36,0.9237700445110687,0.2,0.9190446211397381,0.16,0.9242679218151549,0.16,2.407250273952197,0.0,1.055883710526141,0.12,2.4043076438122917,0.0,2.2418650370861206,0.0
PARTIAL_MALL,22,NN2_1,2.515373851980257,0.0,1.3159152138189631,0.12,2.02650595887285,0.0,1.4256657746938373,0.08,1.2903090019085086,0.04,2.1252083535118316,0.0,2.2073662716892497,0.0,2.4562545946715453,0.0,2.3101599283915455,0.0,0.9408599471368659,0.08,0.9309100562397358,0.52,0.9070121324128436,0.36,1.1409851174407168,0.28,1.0,0.0,0.9136946951047783,0.32,0.9273242505539772,0.28,0.9224551838931656,0.28,0.925407102572407,0.28,2.3944936108863457,0.0,1.04797279561461,0.12,2.3673296157925936,0.0,2.199161090293764,0.0
PARTIAL_MALL,22,NN3,2.7152613211188528,0.0,1.489815775105155,0.12,2.182979514180051,0.0,1.579396003304683,0.08,1.4467853756628275,0.08,2.307933636372423,0.0,2.415632353389127,0.0,2.646157550124855,0.0,2.5294636070817207,0.0,1.0394344171191683,0.12,1.0240297632254034,0.56,0.9933006048665639,0.32,1.2367513835142647,0.2,3.013990014888643,0.16,1.0,0.0,1.0154085189227333,0.16,1.0097181318416961,0.04,1.0148174052185275,0.08,2.5941453395826795,0.0,1.1704300004279506,0.12,2.5922243707312886,0.0,2.4271844380961825,0.0
PARTIAL_MALL,22,NN3_1,2.6734902235402442,0.0,1.4555821785308474,0.12,2.147721212500024,0.0,1.549860825213297,0.08,1.4222825125453786,0.08,2.2723275442384487,0.0,2.378732942774937,0.0,2.6054081457047062,0.0,2.4894179700860715,0.0,1.0216699293539084,0.08,1.0093864622842077,0.6,0.9790270427799871,0.4,1.2206715492137303,0.16,2.950554531647676,0.28,0.9855487261314795,0.48,1.0,0.0,0.9950447238319272,0.2,0.9999704387157958,0.28,2.554393434870933,0.0,1.1489474300197182,0.12,2.553150105011411,0.0,2.3898430332237925,0.0
PARTIAL_MALL,22,NN4,2.692509092226631,0.0,1.4782967688221524,0.12,2.1649184783204967,0.0,1.5655441808955033,0.08,1.4343207367831337,0.08,2.288625160031312,0.0,2.39574664892417,0.0,2.623858749343841,0.0,2.5087887738986248,0.0,1.0302528630818324,0.12,1.0148826363663264,0.6,0.9841601977407559,0.44,1.2273293301216779,0.32,2.9672433218988914,0.28,0.9904865187250141,0.56,1.0056685970129566,0.24,1.0,0.0,1.0050467005771027,0.16,2.572454080750474,0.0,1.1602805161050551,0.12,2.571098086606461,0.0,2.4069888869963116,0.0
PARTIAL_MALL,22,NN4_1,2.67100271412776,0.0,1.4670311439367518,0.12,2.149755106253927,0.0,1.5562721431405324,0.08,1.42544758530575,0.08,2.270179825181253,0.0,2.375935130854104,0.0,2.603445944669372,0.0,2.4869309276304685,0.0,1.0247931368059062,0.12,1.0105855869732965,0.64,0.9792566569286845,0.48,1.222869927635586,0.28,2.906702877870487,0.24,0.9858488540642165,0.52,1.0008601052373882,0.32,0.9953156302400834,0.36,1.0,0.0,2.552150975170943,0.0,1.152892452071348,0.12,2.5492521668650423,0.0,2.3865461293933006,0.0
PARTIAL_MALL,22,PostLasso,1.061409055321365,0.0,0.7221805164571015,0.76,0.9141881078147928,0.32,0.7959647207799365,0.6,0.7458566925084937,0.8,0.9432684460710823,0.36,0.9686975181317004,0.52,1.0316420855583361,0.0,0.9949483871350334,0.28,0.5457326802344366,1.0,0.582712254988799,0.68,0.5822086249766136,0.76,0.7227012127192352,0.64,1.9070410121164114,0.68,0.5907514974125809,0.72,0.5969497065034572,0.72,0.5969356766249883,0.72,0.5986297609633505,0.68,1.0,0.0,0.5956667883792397,0.92,1.0177915800226334,0.28,0.9803269349391968,0.44
PARTIAL_MALL,22,RandomForest,2.133863371784655,0.0,1.194515352450659,0.04,1.7546941462877326,0.0,1.3278961677197236,0.0,1.2591315571754087,0.0,1.8546043525456863,0.0,1.9167282531374943,0.0,2.078445915938802,0.0,1.9948682663994928,0.0,0.9141877235020783,0.28,0.9543853535612428,0.24,0.9570149099454881,0.16,1.1638320542985832,0.16,2.418130967861887,0.08,0.9680237852072588,0.16,0.9783100479163729,0.16,0.978225253666224,0.16,0.9821159262239219,0.16,2.0311599294071403,0.0,1.0,0.0,2.0408159020512704,0.0,1.9247577504396667,0.0
PARTIAL_MALL,22,Ridge,1.0525845965038327,0.12,0.7093910353944747,0.76,0.904996457064885,0.32,0.7836543759693373,0.6,0.7290345868501411,0.76,0.9288367303621881,0.4,0.9521064200872874,0.76,1.0221909773403848,0.16,0.9794979011973031,0.28,0.5349062215404767,0.96,0.5695881577307745,0.68,0.5684065979714138,0.8,0.7109330597320568,0.64,1.7936713294325384,0.72,0.5773054566348698,0.76,0.5836381894172721,0.76,0.583424036432562,0.76,0.5852744013351469,0.68,0.9894028267483626,0.2,0.5841472961485169,0.92,1.0,0.0,0.9636018180092413,0.68
PARTIAL_MALL,22,SHAR,1.096028630793767,0.04,0.7271332640990871,0.76,0.943272487010991,0.28,0.805405069963336,0.56,0.7507730077055323,0.72,0.9686826819899899,0.16,0.9916899186483801,0.04,1.0661956007232885,0.04,1.0208816914053565,0.04,0.5518915680760816,0.96,0.5839445452384354,0.64,0.5861465122439459,0.72,0.7264306998382897,0.6,1.6095807712985797,0.68,0.5946636283770393,0.72,0.6010605530892831,0.72,0.6008876750395007,0.72,0.6025907308755055,0.68,1.0323069842564283,0.04,0.6008079665592301,0.88,1.0437743308229357,0.0,1.0,0.0
