dataset,horizon,ticker,HAR,HARX,LogHAR,LevHAR,SHAR,HARQ,Ridge,Lasso,ElasticNet,AdaptiveLasso,PostLasso,Bagging,RandomForest,GradientBoosting,NN1_1,NN1,NN2_1,NN2,NN3_1,NN3,NN4_1,NN4
MHAR,22,AAPL,1.0,1.0,0.6802188811324303,0.987187666502517,0.9796526402386252,1.000369598194647,1.1228215495855147,1.1675530686938687,1.1482460392611493,1.204546163443552,1.117976898834346,0.7692846415687209,0.7931057198946658,0.8576207396245779,12.88063222675801,0.7201148013243082,0.5633138199126814,0.5107503755465417,0.6577454774457173,0.5198706720100306,0.5014445927540095,0.5281591370640698
MHAR,22,AXP,1.0,1.0,0.6708988790698764,1.8839895673986355,1.0063844808255256,1.0556761743422507,1.1542002542158278,1.226608612202621,1.154227056923768,1.1865194885533954,1.1542002450355224,0.7725236588081585,0.8539145930303366,3.801543025044473,0.4678562735251952,0.4634066302397644,0.42115693276277616,1.2223815199620194,0.5526389201086185,0.4707526854728923,0.4613287871581297,0.47529168774748787
MHAR,22,BA,1.0,1.0,0.7655491162762117,0.9938677237542046,1.0235979656081977,1.0060669005874416,1.0286737384768323,1.1642346575817244,1.1613769954998476,1.2702729391724756,1.0425722589041302,0.7425865083439519,0.8024663191658052,1.011091000187066,0.6801952130707442,0.6498440608086256,0.6723989451345167,0.6779547229555739,0.6599693319408642,0.6708537065657613,0.6974678588331055,0.6927761807797104
MHAR,22,CAT,1.0,1.0,0.8713243746293484,0.8970421621801707,1.0026648834988183,1.0818214012430327,1.059367902333309,1.1015476279079617,1.0819396750225672,1.094380035701637,1.0593602752233673,0.8582901787594147,0.8533444623157636,1.0172038015155316,1.3921301531872061,1.4212182799536375,1.782912852129741,1.6033772660823655,1.7376411211041998,1.6515063972250805,1.8349623498532894,1.8327065897961288
MHAR,22,CSCO,1.0,1.0,0.7033295516004293,1.0597567083949846,0.9600553115930884,1.0001705210792715,1.1379041685697955,1.2363788883042064,1.1378781892709797,1.2578974642441636,1.1372815161268879,1.1409805968699098,0.9954535676885281,1.316008802302048,0.5613106472884103,0.5614689551723948,0.6951897563847609,0.6613055656568996,0.651083661176914,0.6198566218965892,0.5607828718147031,0.6157775312484614
MHAR,22,DIS,1.0,1.0,0.8685070179641948,1.0978850548456782,1.00942393859412,1.088033084440085,1.0619209507645422,1.129779457345886,1.1220789500834618,1.103240747670647,1.0551755892016388,1.5416512927879453,1.1673487349288882,1.6308306012248641,0.7014217548362187,0.7136205542975835,0.7030335455206727,0.7820887508941659,0.7333977408783887,0.7451115516629752,0.7930566195200289,0.7817044924142009
MHAR,22,GE,1.0,1.0,0.8139511038250796,2.1055234911294667,1.0022769772027775,0.9995225679325411,1.05685651040578,1.1499485715366147,1.1557507290517446,1.1320180820702357,1.0568565080309742,1.3717800001466582,1.1799318047679543,1.331796119848473,0.6100166980575866,0.6313701605145683,0.6610640157792795,0.662117832930953,0.5970805449606921,0.659719475004563,0.686816068379717,0.6666621119536584
MHAR,22,GS,1.0,1.0,0.6339225862343745,1.390128006134102,0.9969977988811713,0.9948277763944705,1.1806589257345894,1.2312783528370856,1.1806815397737418,1.1966723177640877,1.1806589178502995,3.6121678122430225,1.4736707597887002,1.3063801899299707,0.5259920863800485,0.46268947501853547,0.5292213579037628,0.4176618415610243,0.5523283379120402,0.4243105362250769,0.49050783772738005,0.42235340351374456
MHAR,22,HD,1.0,1.0,0.6924982295558403,0.9604643932291493,1.0025996461125983,0.7460842083680503,1.0126808491971762,1.1878610003766725,1.1992802730992882,1.3530555097359416,1.0102220943232978,1.0831768376204478,1.0331757621312798,1.9452390599135152,0.5383500540913485,0.5246043230462382,0.5393208612303435,68.41034517649221,0.5249446575452981,0.5451648338327669,0.5411248366531877,0.539038007012788
MHAR,22,IBM,1.0,1.0,0.8162462501717039,1.2514960511180762,1.0023077596788847,1.0937827467418335,1.0288813518610445,1.2843207705799973,1.1766542575682997,1.3978175787963631,1.0583828112183984,1.9463178077479257,1.4276344300952635,1.7587965651992876,0.7673109330521553,0.785352364133916,0.8048725495384241,0.7895017956754508,1.2198366405752397,0.810183382663252,0.8961646487647124,0.8544033281252706
MHAR,22,INTC,1.0,1.0,0.8531760173497009,1.0542580402593338,0.9424530676044084,1.088960064476983,1.0460602907603838,1.1701242803988832,1.165332794411662,1.1592497634666896,1.0433748967644996,1.3370274832398812,1.1360054689702572,1.8685952532434298,0.7991952064912896,0.7307800367217435,4.632289636255943,1.0398717061822222,0.8136009600055544,0.7686745326904952,0.8491237053022378,0.8063562562336746
MHAR,22,JNJ,1.0,1.0,0.5992871525659061,0.7790624482920093,1.0284454411893549,0.6036406053064804,0.9894864499567629,0.47821497380010547,0.47886937680170444,0.47796653058227406,0.6202399109206741,0.5924476707698104,0.5630937819395607,0.4916667337947009,0.5478844956897159,0.5069626347647684,0.5153058768593007,0.5066314356366759,0.501278833817719,0.5270734174438423,0.5237757520823273,0.5441155089524751
MHAR,22,JPM,1.0,1.0,0.650406919852782,1.1738675383040869,0.9660606611090037,0.9935515204130211,1.1644716634605985,1.2210394383268843,1.1644981308523017,1.1921751533661675,1.1644716544212872,0.848296572361186,0.9543081655030967,1.059886807648881,0.44181847966898546,0.4474904963370342,0.4735241490021649,1.2768763711489295,0.4211259648724875,0.4308096176309898,0.45485667476178737,0.435981628661463
MHAR,22,KO,1.0,1.0,0.8540960069699494,1.0017611941921307,0.9988430570182256,1.0185529736353085,1.055810265212519,1.1861556196825473,1.1719222863551644,1.185985805484803,1.0525552898689,1.2084515310778392,1.0935784505120676,1.3420912153067164,0.6633204941089349,0.7474112708358042,0.6623284120510675,0.7503578772190379,1.240347480248703,0.7562099341708092,0.6885673600463147,0.7854672732408632
MHAR,22,MCD,1.0,1.0,0.8689420299648316,1.151674206033135,0.9713530781890151,1.0988681384558923,1.0839447872901165,1.1897905261960504,1.156494654695073,1.2115613657495605,1.0767188868513202,1.3208507187479608,1.0323008138017176,1.3183369949440655,0.8628535090500801,0.7653802792174347,0.9356922749646855,29.15877946138322,0.8843650983305846,0.95193573978857,0.9401922886442474,0.9427609330764957
MHAR,22,MMM,1.0,1.0,0.7951964837735236,0.9748386103345514,0.9819116826057805,1.1709429158238307,1.075293301862525,1.1422154263062372,1.1232105191567987,1.1345702129415756,1.0668606391832627,0.9937872393255144,1.0078148802474245,0.8359726551857517,0.6199525341939869,0.5991525746549801,0.6801137298931477,0.6122399555539583,0.597014743399409,0.6268113819749993,0.6534031747977133,0.6406985775291077
MHAR,22,MRK,1.0,1.0,0.8843662081210638,1.0886530882039793,1.0230136089879944,1.0829673941268603,1.1119086968714584,1.1852157614335148,1.1119195597875964,1.1411759311387404,1.1119086931478472,1.0502315073738948,1.0418853805843629,1.2044162633687818,0.7411828034527598,0.7557169312606155,0.7918322623850925,0.7711356307960161,0.8248166473037927,0.9171530390662811,0.7960529413142036,0.8396681239891959
MHAR,22,MSFT,1.0,1.0,0.8080246473124776,1.0205059777308378,0.968898912058209,0.9658354632893581,1.0163554211930839,1.179950529104314,1.1877198954618362,1.3102767602236278,1.0244887969432004,1.2565290423654418,1.1051529307526173,1.359465232643617,0.8450044450371188,0.9062352528392966,1.5463642896070535,0.9132347426654225,0.8984569399987381,0.8901947869942015,0.9272404735520019,0.9276845280093999
MHAR,22,NKE,1.0,1.0,0.8941198036959329,1.0042734249371799,0.9836101007645538,1.3145711754303742,1.0169979040012946,1.0905796383151505,1.0962740225623628,1.0789295226230438,1.017129121081048,0.9521026566873984,0.9548577832550732,1.0367398329315973,0.873003855944594,0.8431929074542912,0.9098637204640122,0.9452392893452253,4.517400809950117,0.9771082703441244,0.898178105146367,0.9192781024899588
MHAR,22,PFE,1.0,1.0,0.9572403942257603,1.0013752586739941,0.998412264488053,1.0822267758738557,1.0477853646512778,1.137759075279205,1.1037772231276486,1.104137765186924,1.044319481048098,0.9801439477143555,0.9930474259896751,1.2574052919635212,0.8468290693021685,0.9092207222321088,0.7973373742992914,0.9535458267735178,0.8905951985102125,0.9765754001055001,1.001576716351847,1.0022613607437483
MHAR,22,PG,1.0,1.0,0.7351228156430684,0.9946929388397453,0.978805882686045,0.846879121271692,1.0087308282013991,1.067098191959966,1.0789356929459288,1.0939556340284289,1.0829495341537925,1.7125305637895014,1.2325753957491146,1.8156523301509648,0.5888927256245772,0.5844135637741946,2.3425700690617677,0.577231476827336,0.5787415632609196,0.6624271526346229,1.9861506962344426,0.5749498636319785
MHAR,22,UNH,1.0,1.0,0.6626924740106237,0.9459359534241595,1.093401069452619,0.7106184377267271,0.9922909075770355,1.0266480055986633,1.006766879544566,0.822000084298033,1.0748881068007587,1.2312783033780494,0.9447853347678902,1.7637464818514546,0.5434707321904519,0.5535667555145656,1.3842324716875571,0.557355517624175,0.547020243108698,0.5519329750734873,0.551028938458563,0.5497999274327634
MHAR,22,VZ,1.0,1.0,0.771062296063844,1.2508594141374312,1.045200731204836,1.0211525161077777,1.0526363180993827,1.1276109072495495,1.1169748627605307,1.1109389752345418,1.052510284943538,2.5074297469807902,1.3135636494125245,2.2546438622452687,0.5142270740214596,0.517418197899242,0.5778387831335311,0.5249136056694551,0.502845498651259,0.5059267477369762,0.5369865391867207,0.5026903474384712
MHAR,22,WMT,1.0,1.0,0.706483334308056,1.1925894256515293,1.5123283320702487,0.8642802807380737,1.0297284722097753,1.1894317743741465,1.2049087329333743,1.2010386691438721,1.0526913948504542,2.8456644087792182,1.5389175992790927,1.8746255381707706,0.7030522729808751,0.7271507184766189,0.8398102202395823,13.019617128385166,0.6848250737986532,0.7210445759768774,0.6162512284351724,0.6989592922957862
MHAR,22,XOM,1.0,1.0,0.8683487680477229,1.0159741432020106,0.9863564075845662,1.2002550038622861,1.0459362901003786,1.120109215572125,1.1001601564198862,1.1964291889262477,1.0478638865177197,1.1363907986177633,1.06878820533381,1.2054298223566162,1.0819457921773379,1.2276197061659444,1.5852786021093168,1.3148504843808562,1.5567336493656698,1.5136838247343443,1.5009604883164205,1.5620709981801177
PARTIAL_MALL,22,AAPL,1.0,1.3771298451763105,0.6578370509764943,1.4074542816173936,1.3685007464200254,1.374533560129268,1.6111451977684654,1.471289556340549,1.496996830941122,1.5722550108303908,1.478224578744914,0.7432992190823599,0.6906600808018379,0.8785157021058057,0.8303002816653237,0.6246832955942402,0.6305400273353547,0.5890863298162778,0.5662043702088582,0.5630727516389438,0.5661968244973953,0.5590364513000524
PARTIAL_MALL,22,AXP,1.0,3.801902446612476,0.6761096263091092,4.093309023511287,3.738347549574795,3.5319219763431997,4.2085623950559485,4.444875024221695,3.272803785568976,4.542838650827886,4.529458740047309,0.9474583524423896,0.8227733271513021,1.2613768955497242,0.4544836698629836,0.8669402794330505,0.49220713145960876,0.49512277294444684,0.496341954493421,0.48543711322186767,0.48922249932781325,0.49480487212760954
PARTIAL_MALL,22,BA,1.0,1.0729127864148689,0.6576900680519823,1.0628985854396358,1.0821316535622811,1.0742518677886697,1.0799759791992745,1.2040760960224126,1.0204400855607239,1.311236504337899,1.1048117438303997,0.6028273406626602,0.6231325260234212,0.8081223107442271,0.6826595792363382,0.6779304434080311,0.6450667632088632,0.657440525576326,0.7057033147800204,0.6776930664507296,0.715241185770621,0.6977325750268871
PARTIAL_MALL,22,CAT,1.0,1.3844184478065988,0.7444550234578188,1.3527907941964992,1.386479313379935,1.394472801334424,1.4383096614713324,1.5045578392598467,1.2284341682789663,1.587820932336137,1.4849010716777318,0.8627836797213556,0.7585760210714458,0.8863716401870854,1.7994851177928568,1.3347308433315643,1.5748284379227677,1.781362826076796,1.7857238082972582,1.8154305071609245,1.887407406850163,1.845801257063249
PARTIAL_MALL,22,CSCO,1.0,1.5203400089151096,0.7361996296265008,1.5706849792537327,1.5006132823285845,1.4603592134267456,1.7310454417002827,1.829192200171763,1.6760502071310008,1.822671040053867,1.7312061346899834,0.79911694075245,0.8299158233071778,1.350029683769395,0.6244114169035853,0.47777819530199295,0.7753061070824802,0.6802466249064134,0.6844963528440101,0.6542904357774738,0.6865008487407614,0.6707860941195646
PARTIAL_MALL,22,DIS,1.0,1.2985648752133476,0.8649834295359625,1.3472010762628266,1.3039764124885171,1.3527862739762255,1.3534838575289905,1.3508104885732528,1.4005226268631548,1.6102836233231508,1.3650384256172843,0.8383608573791548,0.8596240817133995,1.2590598769319494,0.7888477303844899,0.7562962764327938,0.7819499579016047,0.785633856993974,0.7779252403337483,0.7861740024473001,0.7864576755663775,0.7817911708028461
PARTIAL_MALL,22,GE,1.0,1.7618053871423898,0.7712798868540256,2.174543633353729,1.7598222778583466,1.7444614871855795,1.8358088595947932,1.9135287818110407,1.5976262278734992,1.9331267144468323,1.9477027666880884,0.9112659181452636,0.7638766020404556,0.7996208806694253,0.6243502080717716,0.6393435168903135,0.6854843638121603,0.8131254233423386,0.7198990085518567,0.6862408379077771,0.6817420027324622,0.6881521240106669
PARTIAL_MALL,22,GS,1.0,3.4658547230291274,0.5868248435796284,4.021916338608516,3.447008635346591,3.339948819699142,3.8527560947493233,3.478093113468835,2.4072512214820123,3.5810874434695177,3.5401711782139103,0.8740355901770941,0.7645299875224989,0.8345938393722181,0.430719868510208,0.42347951392730826,0.6497236691476241,0.49918023611164997,0.47734171165360106,0.47596830350545094,0.5003861960036604,0.4751105336842412
PARTIAL_MALL,22,HD,1.0,1.1500278409560023,0.6829276120015557,1.0441883933255862,1.1444225821212528,0.9591483413161519,1.1810664561382949,1.3192997362691328,1.308437495098665,1.4355910334863358,1.1417000301773266,0.8448919227631445,0.7915117962464941,1.6231809507372637,0.5366407976946362,1.020244412645873,0.5415843233193788,1.566328212130477,0.5401627868927078,0.5437037565879427,0.541160617741943,0.5409253078080464
PARTIAL_MALL,22,IBM,1.0,1.529331928238981,0.7518319368975994,1.7229278558157513,1.51882335225918,1.5693696398321464,1.5770664702488335,1.4339393625684387,1.1447392293161351,1.4051575744749167,1.3962165949670822,0.9762064950090772,0.8913541659488334,1.174975314918168,0.9014978234615173,0.8082744625274659,0.8482242292450801,0.8489198775255069,0.862965222216916,0.8419234739066195,0.8581762033327025,0.8598723594582067
PARTIAL_MALL,22,INTC,1.0,1.2936413151160124,0.8356262566983413,1.3804822598548796,1.2535402839413174,1.3337681916460395,1.3701950441625106,1.4757958639417859,1.3812973923527427,1.3993048286755423,1.4184237453590969,0.790582138208132,0.8765476054709621,1.1412086439177274,0.8462954893420366,0.6594201760092551,0.8414309284955875,0.8465590896236319,0.8680852659449569,0.8701358028932774,0.8794399764367923,0.8770142264736343
PARTIAL_MALL,22,JNJ,1.0,0.8011830370504647,0.5784789520928426,0.7147019532746366,0.8104684998001798,0.5822055919352871,0.8421088772137917,0.47906254952625105,0.48251820056403694,0.47777062162635603,0.6334599205174811,0.6046415756098151,0.544785748933694,0.48703575756859535,0.49695939112776444,0.5144216727454358,5.688932325580041,0.5026594692479897,0.5002358683386475,0.4965577353947349,0.5014261912967053,0.49978100756947025
PARTIAL_MALL,22,JPM,1.0,3.824752144559807,0.6729245031374925,3.7727661259568808,3.7926933448018207,3.3992834105943768,4.235184766442978,4.590937391515149,2.9380282340617447,4.580313163780853,4.4927799732735405,1.151962619809206,0.8251307837830927,1.0027150498884072,0.4530027855039847,0.3835458833889064,0.4449837322533431,0.45843916993462974,0.45624323662285465,0.4579360594459153,0.4630853625814201,0.45929608814407064
PARTIAL_MALL,22,KO,1.0,1.4069798857143196,0.8329084684058409,1.4036936943251588,1.4058961253986995,1.4153369537895262,1.449519026726937,1.5921814974759858,1.3589659658656608,1.6262808173411276,1.4009887718689873,0.9229530565443489,0.8951469780401904,1.1614215733350797,0.8472439542183487,0.8355442406435512,0.7904935937319464,0.8108865286545213,0.8818050415947918,0.8462821665957059,0.8836061537982586,0.8659128848233364
PARTIAL_MALL,22,MCD,1.0,1.3545271771226788,0.8669376890093132,1.4527647215047366,1.3322709276591003,1.4236864276167216,1.4582197588250891,1.6291425850957029,1.4635056410373801,1.3989808012164329,1.3744157818401213,1.2182842188938454,1.0232009419413943,1.7580323265737219,0.8329435312740477,0.7933164962958392,0.9015561513038485,1.6564533663541647,0.9681826719174604,0.9449230941751603,0.9256275703950697,0.9532937568354573
PARTIAL_MALL,22,MMM,1.0,1.2295724000608936,0.7520557242206171,1.2486221932301123,1.250370160712354,1.3224109588528097,1.2677992496904398,1.3505699442723615,1.227907942226692,1.5289062822407333,1.3274534958323503,0.7247719913336146,0.7433889572655686,0.9642340683536179,0.6361829787650113,0.5443634333685976,0.6261420714288302,0.646549147523458,0.6432472539594072,0.6307523697481291,0.6283045583909749,0.6440483087968131
PARTIAL_MALL,22,MRK,1.0,1.4164482897960557,0.8724922473104099,1.4432333787789613,1.4534037994150617,1.4744979029297693,1.5412700962079418,1.628381298567633,1.5055821842168176,1.5618058074540386,1.588928589916024,2.196181202078769,0.9918763375995548,1.1613690803433803,0.8545552370904677,0.7415702765855108,0.8723574053918685,0.8429812361148893,0.822313653497314,0.8469250509400672,0.8474872326397718,0.8543025214932684
PARTIAL_MALL,22,MSFT,1.0,1.0673125551999865,0.7314469022965244,1.0694265943123467,1.0449475746623393,1.042253403534886,1.068455155344993,1.2128190708849946,1.0228934694007792,1.2997101783122267,1.0705283195029123,0.8055191511318592,0.8046280203647622,1.161296548348729,0.8719430532282351,0.9025126834238469,0.9135622449939194,0.9415999946118387,0.9009204478080994,0.9216306363804627,0.9250484500499491,0.925388002892512
PARTIAL_MALL,22,NKE,1.0,0.9821108716932259,0.751942393422817,0.9911572198830128,0.9691740624514046,1.116285018302914,0.978590615634006,0.9852879663587889,1.0107537054887197,0.9906939870894774,0.9921615361582672,0.9023101679609373,0.7731463387636743,0.9108747744668775,0.8754873324508832,0.8379775921980934,0.954586411270092,0.9206940482109309,0.933641917721822,0.9019731408030327,0.910934523105335,0.9042855157326263
PARTIAL_MALL,22,PFE,1.0,1.0952948645355387,0.8508820090613849,1.10292901863634,1.0952507459307104,1.1730941658895948,1.147267786939451,1.2330309865035656,1.1432242711569411,1.2643645180191387,1.1627942232205537,0.7613327959534621,0.800355950899952,0.9355378178913728,0.9280176229113217,1.0503153998505084,1.0777868208063244,1.0703773900417066,1.0851837590591118,1.0836059806313358,1.0921456683775017,1.1063845331035433
PARTIAL_MALL,22,PG,1.0,0.999106651556493,0.6536371379430641,1.0007056511766246,0.9844934287404723,0.897131629026478,0.9890295981729607,1.0502864933678402,0.9037014787005047,1.049954364682037,1.086667142109553,0.6197442241063175,0.6652395458551925,0.9400831760044466,0.5792877240750204,0.570767456759232,0.5501537003088035,0.5812855015624279,0.6051684055099189,0.5773451944203711,0.5865940344731676,0.5860976023973393
PARTIAL_MALL,22,UNH,1.0,0.8537501451235016,0.5791591672633495,0.8514884578947843,0.9099486858287791,0.6940221252825437,0.859037898718754,0.9137932173887281,0.9815727825195544,0.9598667697484115,0.9120192619969284,0.5471152026067064,0.5980726992092329,0.7352233564143663,0.5614275536381012,0.8512480676139825,0.5618321376346493,2.0858633893584795,0.5579109286280697,0.5545095608132572,0.5557838416222947,0.5538084218687163
PARTIAL_MALL,22,VZ,1.0,1.4755020086099782,0.7886607329627549,1.601551586332521,1.4882946592738755,1.4178182251524705,1.557830426034613,1.6442314553729458,1.5521251483222593,1.712121159835747,1.5597617866784725,3.156717484638723,1.1849134426436085,1.6169226992239554,0.5234100259804483,0.5126936662950466,0.5478703279329085,0.5296464842487821,0.5641215455321064,0.5173196976793972,0.5260037864792428,0.5165557495419077
PARTIAL_MALL,22,WMT,1.0,1.1622025358319215,0.7128361418176752,1.2239404571473569,1.5307290932235094,1.0304955176207378,1.1972638653168883,1.2434139810156148,0.9799984162481425,1.3765118858153278,1.1756075935022408,1.7561693559231637,1.0914639949792624,1.6604366968583288,0.7174538977635266,0.8357633860888506,29.812680573576863,0.8874702759976008,0.7590754296081988,0.7371860043279022,0.7809279040338257,0.7537396023270146
PARTIAL_MALL,22,XOM,1.0,1.4101888639392937,0.8184054341247208,1.3609939278391106,1.3981492022381856,1.5113901901924394,1.4360815038777734,1.284673953933437,1.103065458465276,1.2641734019497501,1.2024690553576616,0.8897549442148098,0.8590773706438836,0.9577390992752399,1.5242098038850105,1.429751947366451,1.646303591984724,1.5867503616670615,1.5606094894134999,1.5943222540523696,1.5702474796205197,1.6038077138603577
