dataset,horizon,ticker,model,scheme,n_test,mse,rmse,mae,r2_oos_vs_mean,har_mse,relative_mse_vs_har
MHAR,1,AAPL,AdaptiveLasso,rolling,842,5.7122647267132405e-08,0.00023900344614070403,8.718546923278052e-05,0.06701504860296581,5.678133787059874e-08,1.0060109431960107
MHAR,1,AAPL,Bagging,rolling,842,5.505041571214322e-08,0.00023462825003000646,7.888668251619275e-05,0.10086083392824463,5.678133787059874e-08,0.969516002557034
MHAR,1,AAPL,ElasticNet,rolling,842,5.6638201586782255e-08,0.00023798781814786708,9.431860979592663e-05,0.07492750629111034,5.678133787059874e-08,0.9974791667617504
MHAR,1,AAPL,GradientBoosting,rolling,842,5.34309889642711e-08,0.00023115144162274027,8.80775871379998e-05,0.12731095236531287,5.678133787059874e-08,0.9409955976387367
MHAR,1,AAPL,HAR,rolling,842,5.678133787059874e-08,0.0002382883502620276,8.470672115728012e-05,0.07258965947922924,5.678133787059874e-08,1.0
MHAR,1,AAPL,HARQ,rolling,842,5.4866608870874726e-08,0.00023423622450610565,7.514610482551389e-05,0.1038629534915303,5.678133787059874e-08,0.9662789030422713
MHAR,1,AAPL,HARX,rolling,842,5.678133787059874e-08,0.0002382883502620276,8.470672115728012e-05,0.07258965947922924,5.678133787059874e-08,1.0
MHAR,1,AAPL,Lasso,rolling,842,5.712425865613361e-08,0.00023900681717502035,8.720612800318176e-05,0.06698872976515113,5.678133787059874e-08,1.0060393220447952
MHAR,1,AAPL,LevHAR,rolling,842,5.5839357310861574e-08,0.00023630352792724355,8.218495153565308e-05,0.08797504038837023,5.678133787059874e-08,0.9834103845548007
MHAR,1,AAPL,LogHAR,rolling,842,5.1409539525268355e-08,0.0002267367185201117,6.780226222487112e-05,0.1603273127202488,5.678133787059874e-08,0.905395002182365
MHAR,1,AAPL,NN1,fixed,842,5.4713033473349224e-08,0.0002339081731649179,8.262599134486902e-05,0.10637130248533744,5.678133787059874e-08,0.9635742221861158
MHAR,1,AAPL,NN1_1,fixed,842,6.092971863280437e-08,0.0002468394592296871,8.341732039113122e-05,0.004834101763160681,5.678133787059874e-08,1.073058876697473
MHAR,1,AAPL,NN2,fixed,842,5.3933704252008584e-08,0.0002322363112263209,9.37846204218559e-05,0.11910009693869172,5.678133787059874e-08,0.9498491278053408
MHAR,1,AAPL,NN2_1,fixed,842,5.502519182522055e-08,0.00023457449099426934,9.739185756533408e-05,0.10127281600611537,5.678133787059874e-08,0.9690717740856979
MHAR,1,AAPL,NN3,fixed,842,5.6599024053593386e-08,0.00023790549395420315,0.00011733079259322638,0.0755673934575285,5.678133787059874e-08,0.9967891947628843
MHAR,1,AAPL,NN3_1,fixed,842,5.273481968471677e-08,0.00022964063160668403,8.475747464572787e-05,0.13868149439239474,5.678133787059874e-08,0.928735067935459
MHAR,1,AAPL,NN4,fixed,842,5.615091856257597e-08,0.000236961850437103,0.00011744386270122946,0.08288630635388838,5.678133787059874e-08,0.9888974206726255
MHAR,1,AAPL,NN4_1,fixed,842,5.072415689069286e-08,0.0002252202408547972,8.393878251050889e-05,0.17152167633259008,5.678133787059874e-08,0.8933244406162139
MHAR,1,AAPL,PostLasso,rolling,842,5.71215766273964e-08,0.00023900120633042085,8.718180943492145e-05,0.06703253537589837,5.678133787059874e-08,1.0059920877097515
MHAR,1,AAPL,RandomForest,rolling,842,5.325272825235286e-08,0.00023076552656831753,7.52090943308766e-05,0.13022248692475435,5.678133787059874e-08,0.9378561733383709
MHAR,1,AAPL,Ridge,rolling,842,5.650446782102882e-08,0.0002377066844264772,8.759215815724187e-05,0.07711178165142618,5.678133787059874e-08,0.9951239252199218
MHAR,1,AAPL,SHAR,rolling,842,5.543084590942589e-08,0.0002354375626560594,8.279765658179401e-05,0.09464726249725175,5.678133787059874e-08,0.9762159186130742
MHAR,1,JPM,AdaptiveLasso,rolling,841,4.041481880968994e-08,0.00020103437220955512,6.995178736507702e-05,-0.049535551033576875,4.0156006118316025e-08,1.0064451800961318
MHAR,1,JPM,Bagging,rolling,841,4.493227037662533e-08,0.00021197233398871968,5.9641427028433685e-05,-0.1668495996724455,4.0156006118316025e-08,1.1189427116889183
MHAR,1,JPM,ElasticNet,rolling,841,4.176694531243068e-08,0.00020436962913415163,7.978424217622597e-05,-0.08464902861227297,4.0156006118316025e-08,1.0401170173489906
MHAR,1,JPM,GradientBoosting,rolling,841,4.067570756254669e-08,0.0002016821944608564,6.097246485527147e-05,-0.05631059120578019,4.0156006118316025e-08,1.0129420600918182
MHAR,1,JPM,HAR,rolling,841,4.0156006118316025e-08,0.0002003896357557347,6.706674235196728e-05,-0.04281442426236204,4.0156006118316025e-08,1.0
MHAR,1,JPM,HARQ,rolling,841,4.9861149597686436e-08,0.0002232961029612618,6.444558410203761e-05,-0.2948480448371684,4.0156006118316025e-08,1.2416859747150921
MHAR,1,JPM,HARX,rolling,841,4.0156006118316025e-08,0.0002003896357557347,6.706674235196728e-05,-0.04281442426236204,4.0156006118316025e-08,1.0
MHAR,1,JPM,Lasso,rolling,841,4.0738909540419904e-08,0.000201838820697159,7.306900867869158e-05,-0.05795188825045905,4.0156006118316025e-08,1.0145159710451883
MHAR,1,JPM,LevHAR,rolling,841,5.377045703327268e-08,0.00023188457696292068,0.00010409147643364277,-0.39636915156012953,4.0156006118316025e-08,1.3390389690359872
MHAR,1,JPM,LogHAR,rolling,841,3.526426330317598e-08,0.00018778781457585574,5.4109391805006983e-05,0.08421962270883454,4.0156006118316025e-08,0.878181540247629
MHAR,1,JPM,NN1,fixed,841,3.744895301640504e-08,0.00019351731968070724,6.653577605050546e-05,0.027485246815468156,4.0156006118316025e-08,0.9325865950429706
MHAR,1,JPM,NN1_1,fixed,841,4.00423744045693e-08,0.0002001059079701779,6.874135511513436e-05,-0.0398635135119354,4.0156006118316025e-08,0.9971702436389736
MHAR,1,JPM,NN2,fixed,841,3.8534150250916564e-08,0.0001963011723116206,8.086335428761552e-05,-0.0006963239807886712,4.0156006118316025e-08,0.9596111261010168
MHAR,1,JPM,NN2_1,fixed,841,3.66618337606207e-08,0.00019147280162106758,6.382146612210506e-05,0.04792600756065002,4.0156006118316025e-08,0.9129850626230093
MHAR,1,JPM,NN3,fixed,841,4.3458120782395337e-08,0.00020846611423057547,0.0001053317143033745,-0.12856729500663455,4.0156006118316025e-08,1.0822321486442135
MHAR,1,JPM,NN3_1,fixed,841,3.9725737063949234e-08,0.00019931316329823586,8.099486520509185e-05,-0.031640733958465894,4.0156006118316025e-08,0.9892850635319896
MHAR,1,JPM,NN4,fixed,841,4.460816249909109e-08,0.00021120644521200363,0.00010745258143691588,-0.15843281716887891,4.0156006118316025e-08,1.1108714937351387
MHAR,1,JPM,NN4_1,fixed,841,4.424071492498794e-08,0.00021033476870215237,9.375903036771589e-05,-0.14889054273785152,4.0156006118316025e-08,1.1017209927360976
MHAR,1,JPM,PostLasso,rolling,841,4.041420954823615e-08,0.0002010328568872167,6.994819993486657e-05,-0.049519729075828245,4.0156006118316025e-08,1.006430007734319
MHAR,1,JPM,RandomForest,rolling,841,3.773173438145529e-08,0.00019424658138936522,5.726284178021469e-05,0.020141675706375706,4.0156006118316025e-08,0.9396286640230644
MHAR,1,JPM,Ridge,rolling,841,4.0570973225914614e-08,0.00020142237518685607,7.104566581634726e-05,-0.05359073712881668,4.0156006118316025e-08,1.0103338740007142
MHAR,1,JPM,SHAR,rolling,841,3.760737539874571e-08,0.00019392621122155124,6.470078044655284e-05,0.023371163732999745,4.0156006118316025e-08,0.9365317678241952
MHAR,1,MSFT,AdaptiveLasso,rolling,842,3.120954512052488e-08,0.00017666223456224274,7.050945844479475e-05,0.05372361499836931,2.9455611082240713e-08,1.059544989013711
MHAR,1,MSFT,Bagging,rolling,842,2.907316274523661e-08,0.00017050854156093356,5.787013357692263e-05,0.11849893239764375,2.9455611082240713e-08,0.9870161126198911
MHAR,1,MSFT,ElasticNet,rolling,842,2.9164153295477102e-08,0.00017077515421008146,6.531160266280372e-05,0.11574009023514598,2.9455611082240713e-08,0.9901051862088397
MHAR,1,MSFT,GradientBoosting,rolling,842,3.024239894419237e-08,0.00017390341843733946,6.02390293493897e-05,0.08304757931677897,2.9455611082240713e-08,1.026710967216227
MHAR,1,MSFT,HAR,rolling,842,2.9455611082240713e-08,0.0001716263705910042,5.789089389778893e-05,0.10690306233954017,2.9455611082240713e-08,1.0
MHAR,1,MSFT,HARQ,rolling,842,2.8433194468194215e-08,0.0001686214531671288,5.650802352780649e-05,0.137902831601453,2.9455611082240713e-08,0.9652895806102312
MHAR,1,MSFT,HARX,rolling,842,2.9455611082240713e-08,0.0001716263705910042,5.789089389778893e-05,0.10690306233954017,2.9455611082240713e-08,1.0
MHAR,1,MSFT,Lasso,rolling,842,2.98902719027653e-08,0.00017288803285006542,6.626218566679982e-05,0.0937241048007661,2.9455611082240713e-08,1.0147564692958162
MHAR,1,MSFT,LevHAR,rolling,842,2.8646478324079654e-08,0.00016925270551480012,5.695893488766733e-05,0.13143604474675596,2.9455611082240713e-08,0.9725304372093336
MHAR,1,MSFT,LogHAR,rolling,842,2.7420643597836185e-08,0.00016559179809953205,5.466006855768805e-05,0.16860347057367964,2.9455611082240713e-08,0.930914097191097
MHAR,1,MSFT,NN1,fixed,842,2.9249302762405508e-08,0.0001710242753599778,7.051768797154867e-05,0.11315835027582699,2.9455611082240713e-08,0.9929959585880195
MHAR,1,MSFT,NN1_1,fixed,842,2.90768747172319e-08,0.00017051942621658066,6.742730018574667e-05,0.11838638505267718,2.9455611082240713e-08,0.9871421318012594
MHAR,1,MSFT,NN2,fixed,842,2.7756492519658484e-08,0.00016660279865494002,6.28358934495501e-05,0.15842049922881063,2.9455611082240713e-08,0.9423159628962288
MHAR,1,MSFT,NN2_1,fixed,842,2.8310610096501245e-08,0.00016825757069594593,6.219810762309978e-05,0.14161960144399177,2.9455611082240713e-08,0.961127916085577
MHAR,1,MSFT,NN3,fixed,842,2.839261630644165e-08,0.00016850108695922898,6.972497128937185e-05,0.139133165336371,2.9455611082240713e-08,0.9639119768104231
MHAR,1,MSFT,NN3_1,fixed,842,2.899635310079873e-08,0.00017028315565785926,6.689372240411133e-05,0.12082780814354943,2.9455611082240713e-08,0.9844084721189548
MHAR,1,MSFT,NN4,fixed,842,2.8618940620150375e-08,0.0001691713351018735,7.044209707479062e-05,0.13227099055659752,2.9455611082240713e-08,0.9715955489854095
MHAR,1,MSFT,NN4_1,fixed,842,2.8757227189949253e-08,0.0001695795600594283,6.507569124796301e-05,0.128078128569721,2.9455611082240713e-08,0.9762902935423218
MHAR,1,MSFT,PostLasso,rolling,842,2.9578153960943448e-08,0.00017198300486078109,5.852157834741656e-05,0.10318755056842321,2.9455611082240713e-08,1.0041602558629863
MHAR,1,MSFT,RandomForest,rolling,842,2.863582879376137e-08,0.00016922124214696383,5.6501261385080437e-05,0.13175893952182027,2.9455611082240713e-08,0.9721688921614802
MHAR,1,MSFT,Ridge,rolling,842,2.9137939652023602e-08,0.00017069838795965122,5.815810589675056e-05,0.11653489040506526,2.9455611082240713e-08,0.9892152490291183
MHAR,1,MSFT,SHAR,rolling,842,2.8101186502882678e-08,0.00016763408514643637,5.715648370815931e-05,0.14796934477854295,2.9455611082240713e-08,0.9540181130319635
MHAR,5,AAPL,AdaptiveLasso,rolling,841,2.8710140325837122e-08,0.0001694406690432882,8.974278634925387e-05,-0.17585165927986313,2.8081176080189964e-08,1.022398073494182
MHAR,5,AAPL,Bagging,rolling,841,2.5159201459742126e-08,0.00015861652328727334,7.958834707951163e-05,-0.030419511951011113,2.8081176080189964e-08,0.8959454329083758
MHAR,5,AAPL,ElasticNet,rolling,841,2.8989932427127992e-08,0.00017026430168161496,0.00010112977551773293,-0.1873108163171484,2.8081176080189964e-08,1.0323617623543593
MHAR,5,AAPL,GradientBoosting,rolling,841,2.394094468034516e-08,0.0001547286162296592,8.234431564162167e-05,0.019475376726830862,2.8081176080189964e-08,0.8525620370022338
MHAR,5,AAPL,HAR,rolling,841,2.8081176080189964e-08,0.0001675743896906385,8.583307034079591e-05,-0.15009181821052642,2.8081176080189964e-08,1.0
MHAR,5,AAPL,HARQ,rolling,841,2.817724942203052e-08,0.00016786080370959303,8.645049828145002e-05,-0.15402659516158557,2.8081176080189964e-08,1.0034212720139002
MHAR,5,AAPL,HARX,rolling,841,2.8081176080189964e-08,0.0001675743896906385,8.583307034079591e-05,-0.15009181821052642,2.8081176080189964e-08,1.0
MHAR,5,AAPL,Lasso,rolling,841,2.9294665264855835e-08,0.00017115684404912307,9.427853333113576e-05,-0.19979144541936433,2.8081176080189964e-08,1.0432136168798833
MHAR,5,AAPL,LevHAR,rolling,841,2.76637393232359e-08,0.00016632419945166097,8.448324930520808e-05,-0.1329952907209997,2.8081176080189964e-08,0.9851346412357512
MHAR,5,AAPL,LogHAR,rolling,841,2.2535320645861318e-08,0.0001501176893169533,7.04356881661857e-05,0.07704407317043804,2.8081176080189964e-08,0.8025062975107726
MHAR,5,AAPL,NN1,fixed,841,2.539384289651609e-08,0.00015935445678272097,9.310230258220486e-05,-0.040029479705790294,2.8081176080189964e-08,0.90430125946293
MHAR,5,AAPL,NN1_1,fixed,841,2.60729902051504e-08,0.00016147132935958136,7.471533847415569e-05,-0.06784461682075738,2.8081176080189964e-08,0.9284864042266288
MHAR,5,AAPL,NN2,fixed,841,2.738586653616539e-08,0.0001654867563769542,0.00010181196766470724,-0.12161474106023973,2.8081176080189964e-08,0.9752393011589324
MHAR,5,AAPL,NN2_1,fixed,841,2.377132351118915e-08,0.00015417951715837337,6.889559269401074e-05,0.026422376321311836,2.8081176080189964e-08,0.8465216500657454
MHAR,5,AAPL,NN3,fixed,841,3.10346731846013e-08,0.00017616660632651496,0.0001208089457212774,-0.2710551583922878,2.8081176080189964e-08,1.1051771156584462
MHAR,5,AAPL,NN3_1,fixed,841,2.806729565489271e-08,0.00016753296885954331,0.00011049814699306312,-0.14952333192198664,2.8081176080189964e-08,0.9995057035624998
MHAR,5,AAPL,NN4,fixed,841,3.0348995981351724e-08,0.00017420963228636848,0.00012130104034301984,-0.24297258310630698,2.8081176080189964e-08,1.080759434529582
MHAR,5,AAPL,NN4_1,fixed,841,2.6819988736989303e-08,0.0001637680943804052,0.00010603806725015277,-0.09843866662942147,2.8081176080189964e-08,0.9550878018926574
MHAR,5,AAPL,PostLasso,rolling,841,2.869199225359459e-08,0.00016938710769593592,8.968103941805984e-05,-0.17510838736907042,2.8081176080189964e-08,1.0217518016930756
MHAR,5,AAPL,RandomForest,rolling,841,2.4888390811202996e-08,0.0001577605489696426,7.805783423899631e-05,-0.01932819902737415,2.8081176080189964e-08,0.8863015829582958
MHAR,5,AAPL,Ridge,rolling,841,2.8134277370453613e-08,0.00016773275580653175,9.031769204927025e-05,-0.15226663308630806,2.8081176080189964e-08,1.0018909923897779
MHAR,5,AAPL,SHAR,rolling,841,2.750796617107937e-08,0.00016585525668811154,8.507542837143535e-05,-0.12661545010177178,2.8081176080189964e-08,0.9795873966434415
MHAR,5,JPM,AdaptiveLasso,rolling,840,1.8050815551641004e-08,0.00013435332356008541,8.446469988499793e-05,-0.29678298424753824,1.715221873023062e-08,1.0523895383765491
MHAR,5,JPM,Bagging,rolling,840,1.9612375058273925e-08,0.00014004418966267015,6.0512153942654806e-05,-0.4089664914856619,1.715221873023062e-08,1.1434307926418465
MHAR,5,JPM,ElasticNet,rolling,840,1.8050527036297458e-08,0.00013435224983712575,8.44622296748429e-05,-0.296762257107142,1.715221873023062e-08,1.0523727175005981
MHAR,5,JPM,GradientBoosting,rolling,840,1.8299976829183876e-08,0.000135277406942859,6.419688072866782e-05,-0.31468290151867784,1.715221873023062e-08,1.0669160134327311
MHAR,5,JPM,HAR,rolling,840,1.715221873023062e-08,0.00013096647941450752,7.802293163828951e-05,-0.23222717155474437,1.715221873023062e-08,1.0
MHAR,5,JPM,HARQ,rolling,840,2.054206621199342e-08,0.00014332503693351495,5.951152836152292e-05,-0.47575614236319796,1.715221873023062e-08,1.197633177087943
MHAR,5,JPM,HARX,rolling,840,1.715221873023062e-08,0.00013096647941450752,7.802293163828951e-05,-0.23222717155474437,1.715221873023062e-08,1.0
MHAR,5,JPM,Lasso,rolling,840,1.805081530329069e-08,0.00013435332263584212,8.446474558948975e-05,-0.2967829664058812,1.715221873023062e-08,1.0523895238973544
MHAR,5,JPM,LevHAR,rolling,839,2.5363711538134684e-08,0.00015925988678300223,8.134984680094064e-05,-0.82070879687077,1.715221873023062e-08,1.4787423094967524
MHAR,5,JPM,LogHAR,rolling,840,1.3823946576184863e-08,0.00011757528046398556,5.227693729026978e-05,0.006878185428368266,1.715221873023062e-08,0.8059567565926785
MHAR,5,JPM,NN1,fixed,840,1.5233197299945254e-08,0.00012342283945828363,6.640344942811291e-05,-0.09436335426177989,1.715221873023062e-08,0.8881181810663882
MHAR,5,JPM,NN1_1,fixed,840,1.6289299557469937e-08,0.00012762954030109933,5.863950540833279e-05,-0.17023446563984246,1.715221873023062e-08,0.9496905218891712
MHAR,5,JPM,NN2,fixed,840,1.9175598720821276e-08,0.00013847598607997445,9.203410104167799e-05,-0.377588179480304,1.715221873023062e-08,1.1179660790486812
MHAR,5,JPM,NN2_1,fixed,840,1.609434367390998e-08,0.00012686348439921544,7.291207728175865e-05,-0.1562287010938459,1.715221873023062e-08,0.938324302356514
MHAR,5,JPM,NN3,fixed,840,2.2454915713060338e-08,0.00014984964368679806,0.00010757918369144847,-0.6131765640230087,1.715221873023062e-08,1.30915516331912
MHAR,5,JPM,NN3_1,fixed,840,1.8563735346379732e-08,0.0001362487994309665,8.075616947556799e-05,-0.33363149451002627,1.715221873023062e-08,1.0822935293882026
MHAR,5,JPM,NN4,fixed,840,2.0826998578256513e-08,0.0001443156213937234,0.00010097907069257321,-0.49622587921105876,1.715221873023062e-08,1.2142451601056794
MHAR,5,JPM,NN4_1,fixed,840,1.8968255242442432e-08,0.00013772528904468646,9.207194677496444e-05,-0.36269248161628487,1.715221873023062e-08,1.105877644214685
MHAR,5,JPM,PostLasso,rolling,840,1.805041462133584e-08,0.00013435183147741543,8.446125088601885e-05,-0.296754181139107,1.715221873023062e-08,1.0523661635402397
MHAR,5,JPM,RandomForest,rolling,840,1.6665775451952124e-08,0.00012909599316768947,5.667815863388333e-05,-0.19728075241548293,1.715221873023062e-08,0.9716396294887992
MHAR,5,JPM,Ridge,rolling,840,1.8050414659636717e-08,0.00013435183161995492,8.446125121950748e-05,-0.29675418389066843,1.715221873023062e-08,1.0523661657732382
MHAR,5,JPM,SHAR,rolling,840,1.601964442008505e-08,0.0001265687339752004,7.542466896338221e-05,-0.15086225540506093,1.715221873023062e-08,0.933969224159355
MHAR,5,MSFT,AdaptiveLasso,rolling,841,1.5976489085561297e-08,0.00012639813719181661,7.124996383590786e-05,-0.14606045354318065,1.3800230658212581e-08,1.1576972502306413
MHAR,5,MSFT,Bagging,rolling,841,1.37059170123295e-08,0.0001170722726025659,5.30473724264106e-05,0.016817187853154225,1.3800230658212581e-08,0.9931657920639931
MHAR,5,MSFT,ElasticNet,rolling,841,1.381380581133371e-08,0.0001175321479908102,6.608859256282142e-05,0.009077872584523639,1.3800230658212581e-08,1.0009836903061509
MHAR,5,MSFT,GradientBoosting,rolling,841,1.2489395235941797e-08,0.0001117559628652619,6.073118192316109e-05,0.10408338828839614,1.3800230658212581e-08,0.9050135135610433
MHAR,5,MSFT,HAR,rolling,841,1.3800230658212581e-08,0.00011747438298715419,5.353265021418364e-05,0.010051675155263728,1.3800230658212581e-08,1.0
MHAR,5,MSFT,HARQ,rolling,841,1.350956764784745e-08,0.00011623066569476167,5.232183455688026e-05,0.030902149856137817,1.3800230658212581e-08,0.978937815058029
MHAR,5,MSFT,HARX,rolling,841,1.3800230658212581e-08,0.00011747438298715419,5.353265021418364e-05,0.010051675155263728,1.3800230658212581e-08,1.0
MHAR,5,MSFT,Lasso,rolling,841,1.4998469910361e-08,0.00012246824041506026,6.959581748733547e-05,-0.0759030432697958,1.3800230658212581e-08,1.0868274800490627
MHAR,5,MSFT,LevHAR,rolling,840,1.3834888963290006e-08,0.00011762180479524197,5.390629910356172e-05,0.008382454497535385,1.3800230658212581e-08,1.0025114294054789
MHAR,5,MSFT,LogHAR,rolling,841,1.1732970671252558e-08,0.00010831883802576798,4.9811493837516806e-05,0.15834488936264768,1.3800230658212581e-08,0.8502010554635341
MHAR,5,MSFT,NN1,fixed,841,1.3398725360363039e-08,0.00011575286329228767,6.595745284272593e-05,0.03885333121931689,1.3800230658212581e-08,0.9709058994886723
MHAR,5,MSFT,NN1_1,fixed,841,1.3253236103278882e-08,0.00011512270020842493,6.529191659047967e-05,0.049289884774141424,1.3800230658212581e-08,0.9603633759115338
MHAR,5,MSFT,NN2,fixed,841,1.264479366768113e-08,0.00011244907143983507,6.052643149979158e-05,0.09293600814715886,1.3800230658212581e-08,0.9162740812709645
MHAR,5,MSFT,NN2_1,fixed,841,1.2640172425817895e-08,0.00011242852140723854,6.120775821916126e-05,0.09326750917453408,1.3800230658212581e-08,0.915939214269268
MHAR,5,MSFT,NN3,fixed,841,1.2805648032203524e-08,0.00011316204324862433,6.420539303207908e-05,0.08139725110412754,1.3800230658212581e-08,0.927929999820896
MHAR,5,MSFT,NN3_1,fixed,841,1.3570430539342846e-08,0.000116492190894252,6.805865475271154e-05,0.026536199824337636,1.3800230658212581e-08,0.9833480957991829
MHAR,5,MSFT,NN4,fixed,841,1.2483111189241084e-08,0.00011172784428798886,6.407674024574936e-05,0.1045341692687064,1.3800230658212581e-08,0.9045581554691137
MHAR,5,MSFT,NN4_1,fixed,841,1.1798972865564661e-08,0.00010862307703966345,5.1363814422194536e-05,0.1536102756222273,1.3800230658212581e-08,0.8549837432277292
MHAR,5,MSFT,PostLasso,rolling,841,1.4058511470350628e-08,0.00011856859394608096,5.524388489237155e-05,-0.008475888886822824,1.3800230658212581e-08,1.0187156880587602
MHAR,5,MSFT,RandomForest,rolling,841,1.1912780317497797e-08,0.00010914568391602939,5.078619854705256e-05,0.14544639059839193,1.3800230658212581e-08,0.863230522194819
MHAR,5,MSFT,Ridge,rolling,841,1.3657177982277798e-08,0.00011686392934638898,5.410804872950835e-05,0.020313442542602145,1.3800230658212581e-08,0.9896340373231622
MHAR,5,MSFT,SHAR,rolling,841,1.3277770007157572e-08,0.00011522920639819391,5.302896778222548e-05,0.04752996512872898,1.3800230658212581e-08,0.9621411653185601
PARTIAL_MALL,1,AAPL,AdaptiveLasso,rolling,842,6.19580521467123e-08,0.0002489137443909281,9.763410497910352e-05,-0.011961683085651265,5.678133787059874e-08,1.0911692903029333
PARTIAL_MALL,1,AAPL,Bagging,rolling,842,4.981877837056872e-08,0.0002232012060240014,7.307336259562922e-05,0.18630923564586388,5.678133787059874e-08,0.8773794390703284
PARTIAL_MALL,1,AAPL,ElasticNet,rolling,842,5.84196254302898e-08,0.0002417015213652777,0.00010348115912672537,0.045831487153903505,5.678133787059874e-08,1.028852570600302
PARTIAL_MALL,1,AAPL,GradientBoosting,rolling,842,5.012985041863395e-08,0.0002238969638441619,8.541759526611327e-05,0.18122849178103762,5.678133787059874e-08,0.882857859617131
PARTIAL_MALL,1,AAPL,HAR,rolling,842,5.678133787059874e-08,0.0002382883502620276,8.470672115728012e-05,0.07258965947922924,5.678133787059874e-08,1.0
PARTIAL_MALL,1,AAPL,HARQ,rolling,842,5.469867468979793e-08,0.00023387747794475193,7.78657407162038e-05,0.10660582468650714,5.678133787059874e-08,0.9633213436156246
PARTIAL_MALL,1,AAPL,HARX,rolling,842,5.6329559262138794e-08,0.00023733849089884007,8.435953062508816e-05,0.07996856545123499,5.678133787059874e-08,0.9920435370950659
PARTIAL_MALL,1,AAPL,Lasso,rolling,842,5.9012022636529536e-08,0.00024292390297484011,9.99339067749908e-05,0.03615585576926805,5.678133787059874e-08,1.0392855267167953
PARTIAL_MALL,1,AAPL,LevHAR,rolling,842,5.609782990361829e-08,0.00023684980452518488,8.442841304245156e-05,0.08375340412100929,5.678133787059874e-08,0.9879624539925753
PARTIAL_MALL,1,AAPL,LogHAR,rolling,842,5.103974777283393e-08,0.00022591978172093282,6.677431202808253e-05,0.166367126291189,5.678133787059874e-08,0.8988824442486798
PARTIAL_MALL,1,AAPL,NN1,fixed,842,5.531294361292321e-08,0.00023518703963637796,9.980115325396644e-05,0.09657296226144041,5.678133787059874e-08,0.974139491728393
PARTIAL_MALL,1,AAPL,NN1_1,fixed,842,6.181564326916767e-08,0.00024862751913086304,0.00011896484942203669,-0.00963571701000454,5.678133787059874e-08,1.0886612677221839
PARTIAL_MALL,1,AAPL,NN2,fixed,842,6.096088796276412e-08,0.0002469025880033746,0.00013823915288018574,0.0043250126857309334,5.678133787059874e-08,1.073607812864331
PARTIAL_MALL,1,AAPL,NN2_1,fixed,842,5.8150548619960286e-08,0.00024114424857325602,0.00011966293851595,0.05022632224677559,5.678133787059874e-08,1.024113745831102
PARTIAL_MALL,1,AAPL,NN3,fixed,842,6.201037517628055e-08,0.0002490188249435784,0.0001413882482023913,-0.01281627581785405,5.678133787059874e-08,1.0920907731620988
PARTIAL_MALL,1,AAPL,NN3_1,fixed,842,5.895225292134888e-08,0.00024280085033077803,0.00012619379977500558,0.03713207531581786,5.678133787059874e-08,1.0382328971483117
PARTIAL_MALL,1,AAPL,NN4,fixed,842,6.206025723892045e-08,0.00024911896202200356,0.0001441631951725254,-0.013631000205013954,5.678133787059874e-08,1.0929692671270277
PARTIAL_MALL,1,AAPL,NN4_1,fixed,842,5.9165995920508394e-08,0.00024324061322178168,0.0001305929307748374,0.03364100809076931,5.678133787059874e-08,1.0419972149184675
PARTIAL_MALL,1,AAPL,PostLasso,rolling,842,5.7845097607113916e-08,0.000240510077974113,9.010566980135086e-05,0.05521525766921742,5.678133787059874e-08,1.0187343196974228
PARTIAL_MALL,1,AAPL,RandomForest,rolling,842,4.93073207493544e-08,0.0002220525179982303,7.342393379270572e-05,0.19466287972049423,5.678133787059874e-08,0.8683719439954518
PARTIAL_MALL,1,AAPL,Ridge,rolling,842,5.477615085357358e-08,0.00023404305341875366,8.787332777143634e-05,0.1053404054814654,5.678133787059874e-08,0.9646858088903283
PARTIAL_MALL,1,AAPL,SHAR,rolling,842,5.562577364773884e-08,0.00023585116842563837,8.358261693900298e-05,0.09146350517582791,5.678133787059874e-08,0.9796488729185395
PARTIAL_MALL,1,JPM,AdaptiveLasso,rolling,841,4.393494965541426e-08,0.00020960665460670436,8.155131567523242e-05,-0.14095010083707038,4.0156006118316025e-08,1.0941065584551393
PARTIAL_MALL,1,JPM,Bagging,rolling,841,5.118347107692853e-08,0.00022623764292647793,5.929224273391361e-05,-0.32918751345869146,4.0156006118316025e-08,1.2746155811940332
PARTIAL_MALL,1,JPM,ElasticNet,rolling,841,4.7155268630097493e-08,0.00021715263901251003,0.00010280858443797957,-0.2245788130060753,4.0156006118316025e-08,1.1743017592725427
PARTIAL_MALL,1,JPM,GradientBoosting,rolling,841,4.356957673006365e-08,0.000208733266946272,6.935331965692776e-05,-0.13146170311972938,4.0156006118316025e-08,1.0850077221746068
PARTIAL_MALL,1,JPM,HAR,rolling,841,4.0156006118316025e-08,0.0002003896357557347,6.706674235196728e-05,-0.04281442426236204,4.0156006118316025e-08,1.0
PARTIAL_MALL,1,JPM,HARQ,rolling,841,5.11017101597579e-08,0.0002260568737281791,8.466902557240617e-05,-0.32706425788603233,4.0156006118316025e-08,1.272579499295606
PARTIAL_MALL,1,JPM,HARX,rolling,841,4.860418133186729e-08,0.00022046356009977543,0.00010326832461826392,-0.2622057388624621,4.0156006118316025e-08,1.2103838511394656
PARTIAL_MALL,1,JPM,Lasso,rolling,841,4.437839030228748e-08,0.00021066179127285394,9.720719371029412e-05,-0.1524658452440495,4.0156006118316025e-08,1.1051495054446048
PARTIAL_MALL,1,JPM,LevHAR,rolling,841,5.511019617481947e-08,0.00023475560946401147,0.00010520142733480953,-0.4311609407992647,4.0156006118316025e-08,1.3724023253817197
PARTIAL_MALL,1,JPM,LogHAR,rolling,841,3.5206255224772094e-08,0.00018763329988243584,5.395529213365473e-05,0.085726038977053,4.0156006118316025e-08,0.8767369723233944
PARTIAL_MALL,1,JPM,NN1,fixed,841,4.4262425753936545e-08,0.00021038637254807295,0.00011121175431474257,-0.14945435293161413,4.0156006118316025e-08,1.102261654795084
PARTIAL_MALL,1,JPM,NN1_1,fixed,841,4.3435833409123077e-08,0.00020841265174917543,9.966168135472879e-05,-0.12798851248880272,4.0156006118316025e-08,1.0816771289740155
PARTIAL_MALL,1,JPM,NN2,fixed,841,4.22085454062067e-08,0.00020544718398217752,0.00010855303947196464,-0.09611697555371923,4.0156006118316025e-08,1.0511141292747854
PARTIAL_MALL,1,JPM,NN2_1,fixed,841,4.073908917548566e-08,0.00020183926569299063,9.966210344722505e-05,-0.0579565532073556,4.0156006118316025e-08,1.0145204444747726
PARTIAL_MALL,1,JPM,NN3,fixed,841,4.466226503892381e-08,0.0002113344861562443,0.00011783491930703171,-0.15983781020430565,4.0156006118316025e-08,1.112218802520612
PARTIAL_MALL,1,JPM,NN3_1,fixed,841,4.197289368110545e-08,0.0002048728719989678,0.0001069510025895839,-0.0899973177044342,4.0156006118316025e-08,1.0452457238261228
PARTIAL_MALL,1,JPM,NN4,fixed,841,4.5425221295509426e-08,0.00021313193401156343,0.00012582771920712375,-0.17965108015711073,4.0156006118316025e-08,1.131218606792422
PARTIAL_MALL,1,JPM,NN4_1,fixed,841,4.1385826121863935e-08,0.0002034350661067652,0.000112923660359782,-0.07475171491740018,4.0156006118316025e-08,1.0306260537944028
PARTIAL_MALL,1,JPM,PostLasso,rolling,841,4.791706482409237e-08,0.00021889966839648792,9.845124074752795e-05,-0.24436195720386622,4.0156006118316025e-08,1.1932726746506883
PARTIAL_MALL,1,JPM,RandomForest,rolling,841,3.665126977049063e-08,0.00019144521349589972,5.6543880152007785e-05,0.048200344636228465,4.0156006118316025e-08,0.9127219888975261
PARTIAL_MALL,1,JPM,Ridge,rolling,841,4.873472795757216e-08,0.00022075943458337667,0.00010533732779601516,-0.2655959142679223,4.0156006118316025e-08,1.213634837438258
PARTIAL_MALL,1,JPM,SHAR,rolling,841,4.525089421033408e-08,0.00021272257569504485,9.884456716567253e-05,-0.17512396661835816,4.0156006118316025e-08,1.1268773611849354
PARTIAL_MALL,1,MSFT,AdaptiveLasso,rolling,842,2.7836983104168298e-08,0.0001668441881042558,5.3588202311532906e-05,0.1559800170288146,2.9455611082240713e-08,0.9450485690636948
PARTIAL_MALL,1,MSFT,Bagging,rolling,842,2.7905042421389614e-08,0.00016704802429657651,5.3823515473823656e-05,0.15391645203877213,2.9455611082240713e-08,0.9473591413017413
PARTIAL_MALL,1,MSFT,ElasticNet,rolling,842,2.7144273211149868e-08,0.00016475519175780128,5.721615944268777e-05,0.17698304705981815,2.9455611082240713e-08,0.9215314914147413
PARTIAL_MALL,1,MSFT,GradientBoosting,rolling,842,2.7114471085452596e-08,0.00016466472325745,5.562418953472357e-05,0.17788665035365891,2.9455611082240713e-08,0.9205197274552681
PARTIAL_MALL,1,MSFT,HAR,rolling,842,2.9455611082240713e-08,0.0001716263705910042,5.789089389778893e-05,0.10690306233954017,2.9455611082240713e-08,1.0
PARTIAL_MALL,1,MSFT,HARQ,rolling,842,2.7306960995016338e-08,0.0001652481800051557,5.626855397405303e-05,0.172050337934883,2.9455611082240713e-08,0.9270546422810481
PARTIAL_MALL,1,MSFT,HARX,rolling,842,2.7759095797384443e-08,0.00016661061129887389,5.4927129038759906e-05,0.15834156759984386,2.9455611082240713e-08,0.9424043425845228
PARTIAL_MALL,1,MSFT,Lasso,rolling,842,2.8007341197904993e-08,0.00016735393989358302,5.479460724687335e-05,0.15081474337697554,2.9455611082240713e-08,0.9508321222638323
PARTIAL_MALL,1,MSFT,LevHAR,rolling,842,2.7391894028495155e-08,0.00016550496677893132,5.505888635814914e-05,0.16947516025840026,2.9455611082240713e-08,0.9299380668768469
PARTIAL_MALL,1,MSFT,LogHAR,rolling,842,2.627046047456745e-08,0.00016208164755630863,5.0905590506569045e-05,0.2034771325823208,2.9455611082240713e-08,0.8918660828736416
PARTIAL_MALL,1,MSFT,NN1,fixed,842,2.7447682619195004e-08,0.00016567342158353284,6.641751676917924e-05,0.16778364486694164,2.9455611082240713e-08,0.93183205544643
PARTIAL_MALL,1,MSFT,NN1_1,fixed,842,2.7795292997071657e-08,0.00016671920404402025,6.86988767317451e-05,0.15724406505262878,2.9455611082240713e-08,0.9436332153988111
PARTIAL_MALL,1,MSFT,NN2,fixed,842,2.6817220233066653e-08,0.00016375964164917634,6.027289834056717e-05,0.18689932455151004,2.9455611082240713e-08,0.9104282426255692
PARTIAL_MALL,1,MSFT,NN2_1,fixed,842,2.7589666381546187e-08,0.00016610137380993026,5.991570436312347e-05,0.16347868364921947,2.9455611082240713e-08,0.936652317431651
PARTIAL_MALL,1,MSFT,NN3,fixed,842,2.7092587537421316e-08,0.0001645982610400891,6.401562647447809e-05,0.17855016161734705,2.9455611082240713e-08,0.9197767943696098
PARTIAL_MALL,1,MSFT,NN3_1,fixed,842,2.6757266245425333e-08,0.00016357648439010216,5.794779166683429e-05,0.18871713517555377,2.9455611082240713e-08,0.90839284137472
PARTIAL_MALL,1,MSFT,NN4,fixed,842,2.77347669280957e-08,0.00016653758413071718,6.949555365168515e-05,0.1590792212373071,2.9455611082240713e-08,0.9415783923361706
PARTIAL_MALL,1,MSFT,NN4_1,fixed,842,2.8032073577487164e-08,0.00016742781602077704,6.348134705030073e-05,0.15006485526892643,2.9455611082240713e-08,0.951671771440117
PARTIAL_MALL,1,MSFT,PostLasso,rolling,842,2.8208582011804913e-08,0.00016795410686197855,5.5565516661879005e-05,0.1447131027040146,2.9455611082240713e-08,0.9576641249453605
PARTIAL_MALL,1,MSFT,RandomForest,rolling,842,2.6670120116974656e-08,0.00016330988983210618,5.313634364250244e-05,0.1913594141026811,2.9455611082240713e-08,0.9054342835567423
PARTIAL_MALL,1,MSFT,Ridge,rolling,842,2.7763457780748234e-08,0.00016662370113746793,5.455398075871592e-05,0.15820931184818254,2.9455611082240713e-08,0.9425524292547199
PARTIAL_MALL,1,MSFT,SHAR,rolling,842,2.6842861243498315e-08,0.00016383791149638814,5.4476086771522305e-05,0.18612188666943386,2.9455611082240713e-08,0.9112987392640559
PARTIAL_MALL,5,AAPL,AdaptiveLasso,rolling,841,3.1583899694992854e-08,0.00017771859693063315,9.849039322371761e-05,-0.29354926313141405,2.8081176080189964e-08,1.124735645145358
PARTIAL_MALL,5,AAPL,Bagging,rolling,841,2.3356052635745397e-08,0.00015282687144525795,7.539356841081686e-05,0.04343019803166781,2.8081176080189964e-08,0.8317334206034934
PARTIAL_MALL,5,AAPL,ElasticNet,rolling,841,2.951603419716114e-08,0.00017180231138480396,0.00010803704540571983,-0.2088578248731059,2.8081176080189964e-08,1.0510967956923787
PARTIAL_MALL,5,AAPL,GradientBoosting,rolling,841,2.5411930648568737e-08,0.00015941119988435173,8.901268007900626e-05,-0.04077028114466752,2.8081176080189964e-08,0.9049453831990939
PARTIAL_MALL,5,AAPL,HAR,rolling,841,2.8081176080189964e-08,0.0001675743896906385,8.583307034079591e-05,-0.15009181821052642,2.8081176080189964e-08,1.0
PARTIAL_MALL,5,AAPL,HARQ,rolling,841,2.8431372486073514e-08,0.00016861605049956993,9.243336993918045e-05,-0.16443445186743832,2.8081176080189964e-08,1.01247085965643
PARTIAL_MALL,5,AAPL,HARX,rolling,841,2.8232153276289525e-08,0.00016802426395104227,9.111943977537457e-05,-0.15627523579512537,2.8081176080189964e-08,1.0053764555896243
PARTIAL_MALL,5,AAPL,Lasso,rolling,841,2.9845962079627684e-08,0.0001727598393135039,0.00010169031827751134,-0.22237034148354717,2.8081176080189964e-08,1.0628458720673988
PARTIAL_MALL,5,AAPL,LevHAR,rolling,841,2.8343483414547433e-08,0.00016835522984020256,9.37573064609807e-05,-0.1608348696496702,2.8081176080189964e-08,1.0093410380536916
PARTIAL_MALL,5,AAPL,LogHAR,rolling,841,2.229429867978818e-08,0.00014931275457839556,7.093486061090242e-05,0.08691536169475589,2.8081176080189964e-08,0.7939232536459123
PARTIAL_MALL,5,AAPL,NN1,fixed,841,3.022623228129569e-08,0.00017385693049543836,0.00011422853806150088,-0.2379446766324289,2.8081176080189964e-08,1.0763876909920083
PARTIAL_MALL,5,AAPL,NN1_1,fixed,841,3.404641345428586e-08,0.00018451670237213178,0.00013113328111710113,-0.39440390393086666,2.8081176080189964e-08,1.2124283312444348
PARTIAL_MALL,5,AAPL,NN2,fixed,841,3.656855176905556e-08,0.00019122905576573755,0.00014954747967608285,-0.49770052626351236,2.8081176080189964e-08,1.3022443100185204
PARTIAL_MALL,5,AAPL,NN2_1,fixed,841,3.2843624051570687e-08,0.0001812280995087977,0.0001365948667136196,-0.34514249667560115,2.8081176080189964e-08,1.1695957447715455
PARTIAL_MALL,5,AAPL,NN3,fixed,841,3.908180038434323e-08,0.00019769117427023198,0.00015846342243204745,-0.6006330623267147,2.8081176080189964e-08,1.3917437173122433
PARTIAL_MALL,5,AAPL,NN3_1,fixed,841,3.4375960996111226e-08,0.00018540755377306295,0.00014139394723389426,-0.4079008433212403,2.8081176080189964e-08,1.2241638632921061
PARTIAL_MALL,5,AAPL,NN4,fixed,841,3.514717729016063e-08,0.00018747580454597502,0.00014305522686085812,-0.43948675508376756,2.8081176080189964e-08,1.251627680756413
PARTIAL_MALL,5,AAPL,NN4_1,fixed,841,3.0007690767221354e-08,0.00017322728066682035,0.00011558944770338034,-0.22899409683625227,2.8081176080189964e-08,1.0686051994948482
PARTIAL_MALL,5,AAPL,PostLasso,rolling,841,2.970893309060585e-08,0.00017236279497213384,9.842076125345607e-05,-0.216758186256087,2.8081176080189964e-08,1.057966126695249
PARTIAL_MALL,5,AAPL,RandomForest,rolling,841,2.3171435026355668e-08,0.00015222166411636573,7.69589632101135e-05,0.050991391389466734,2.8081176080189964e-08,0.825158994772377
PARTIAL_MALL,5,AAPL,Ridge,rolling,841,2.821339375389135e-08,0.0001679684308252338,9.785521226935145e-05,-0.15550692134981636,2.8081176080189964e-08,1.0047084094100553
PARTIAL_MALL,5,AAPL,SHAR,rolling,841,2.7987830896601885e-08,0.00016729563920378165,9.066725611571756e-05,-0.1462687756282841,2.8081176080189964e-08,0.9966758805499628
PARTIAL_MALL,5,JPM,AdaptiveLasso,rolling,840,3.380989554473058e-08,0.00018387467347280478,0.00012881348091229114,-1.4289261122945431,1.715221873023062e-08,1.9711674668152968
PARTIAL_MALL,5,JPM,Bagging,rolling,840,2.2149084124518058e-08,0.00014882568368570682,5.7281006678154655e-05,-0.5912054126956674,1.715221873023062e-08,1.291324724391516
PARTIAL_MALL,5,JPM,ElasticNet,rolling,840,2.8374615457601808e-08,0.0001684476638532034,0.00011760608300978906,-1.0384518585721239,1.715221873023062e-08,1.654282510261592
PARTIAL_MALL,5,JPM,GradientBoosting,rolling,840,2.6007345961282733e-08,0.00016126793221618094,6.97330929601054e-05,-0.8683855924152057,1.715221873023062e-08,1.5162671588046528
PARTIAL_MALL,5,JPM,HAR,rolling,840,1.715221873023062e-08,0.00013096647941450752,7.802293163828951e-05,-0.23222717155474437,1.715221873023062e-08,1.0
PARTIAL_MALL,5,JPM,HARQ,rolling,840,3.114933702085747e-08,0.00017649174774152324,0.00010618188140960353,-1.2377897610043247,1.715221873023062e-08,1.8160529264914902
PARTIAL_MALL,5,JPM,HARX,rolling,840,3.527261555467874e-08,0.00018781005179350422,0.00012472999900471843,-1.5340089222203654,1.715221873023062e-08,2.0564462306273583
PARTIAL_MALL,5,JPM,Lasso,rolling,840,3.330882799258892e-08,0.00018250706285672595,0.000128594350999897,-1.39292907527885,1.715221873023062e-08,1.9419544792699286
PARTIAL_MALL,5,JPM,LevHAR,rolling,839,3.640828629264058e-08,0.000190809555034963,0.00012240388239939882,-1.6135326067059994,1.715221873023062e-08,2.1226575328398374
PARTIAL_MALL,5,JPM,LogHAR,rolling,840,1.4236064556717642e-08,0.00011931498043715065,5.202636599914452e-05,-0.02272865328362461,1.715221873023062e-08,0.8299838511053217
PARTIAL_MALL,5,JPM,NN1,fixed,840,2.2260351097990163e-08,0.00014919903182658445,0.00010508485407947572,-0.5991989084739917,1.715221873023062e-08,1.297811755324488
PARTIAL_MALL,5,JPM,NN1_1,fixed,840,2.0657181746786594e-08,0.00014372606495269603,9.181380374767059e-05,-0.4840261214295327,1.715221873023062e-08,1.2043445849007575
PARTIAL_MALL,5,JPM,NN2,fixed,840,2.3444786618065542e-08,0.00015311690506951067,0.0001073422198179762,-0.6842895695567537,1.715221873023062e-08,1.36686611725306
PARTIAL_MALL,5,JPM,NN2_1,fixed,840,2.322640136341086e-08,0.00015240210419613918,0.00010162277580667374,-0.6686006229029826,1.715221873023062e-08,1.3541339303512117
PARTIAL_MALL,5,JPM,NN3,fixed,840,2.1884770618727928e-08,0.00014793502160992145,0.00010585614135225822,-0.5722169489426108,1.715221873023062e-08,1.275914851771114
PARTIAL_MALL,5,JPM,NN3_1,fixed,840,1.7822326838736796e-08,0.00013350028778522088,8.389558934510818e-05,-0.2803681982153434,1.715221873023062e-08,1.0390683047508666
PARTIAL_MALL,5,JPM,NN4,fixed,840,2.158488129093427e-08,0.00014691794067075086,0.00010442678507380442,-0.5506726937078439,1.715221873023062e-08,1.2584308555307264
PARTIAL_MALL,5,JPM,NN4_1,fixed,840,1.9760865828373653e-08,0.00014057334679224811,9.666706612711465e-05,-0.41963417037431094,1.715221873023062e-08,1.1520880265796352
PARTIAL_MALL,5,JPM,PostLasso,rolling,840,3.1779228137366645e-08,0.00017826729407652612,0.00012021033832783248,-1.2830415713439147,1.715221873023062e-08,1.8527765204717253
PARTIAL_MALL,5,JPM,RandomForest,rolling,840,1.730649833447011e-08,0.00013155416502137098,5.440506528578978e-05,-0.24331072426303302,1.715221873023062e-08,1.0089947316242867
PARTIAL_MALL,5,JPM,Ridge,rolling,840,3.5367118180349606e-08,0.00018806147447138026,0.00012679135696058415,-1.5407980557410141,1.715221873023062e-08,2.061955875015481
PARTIAL_MALL,5,JPM,SHAR,rolling,840,3.32373348916419e-08,0.00018231109371522595,0.00012199543565695988,-1.387792961814395,1.715221873023062e-08,1.9377863245797708
PARTIAL_MALL,5,MSFT,AdaptiveLasso,rolling,841,1.5042392377024757e-08,0.00012264743118803898,6.072470457071522e-05,-0.07905378570111599,1.3800230658212581e-08,1.0900102142910895
PARTIAL_MALL,5,MSFT,Bagging,rolling,841,1.4035177143350866e-08,0.00011847015296415746,5.135249843216758e-05,-0.006802019913404678,1.3800230658212581e-08,1.0170248230596397
PARTIAL_MALL,5,MSFT,ElasticNet,rolling,841,1.2261018560448414e-08,0.000110729483699909,5.9119750644055954e-05,0.12046580340431612,1.3800230658212581e-08,0.8884647557069508
PARTIAL_MALL,5,MSFT,GradientBoosting,rolling,841,1.5059696876569158e-08,0.00012271795661829266,6.454769514193821e-05,-0.08029510990507505,1.3800230658212581e-08,1.0912641425748244
PARTIAL_MALL,5,MSFT,HAR,rolling,841,1.3800230658212581e-08,0.00011747438298715419,5.353265021418364e-05,0.010051675155263728,1.3800230658212581e-08,1.0
PARTIAL_MALL,5,MSFT,HARQ,rolling,841,1.3383537905857184e-08,0.00011568724175922419,5.062110408482229e-05,0.03994279091887476,1.3800230658212581e-08,0.9698053777016096
PARTIAL_MALL,5,MSFT,HARX,rolling,841,1.3500572328727679e-08,0.00011619196327082041,5.064517246313124e-05,0.03154742175880432,1.3800230658212581e-08,0.9782859912340252
PARTIAL_MALL,5,MSFT,Lasso,rolling,841,1.3528339863707723e-08,0.00011631139180539335,6.215359713818997e-05,0.029555540215708276,1.3800230658212581e-08,0.9802980978188901
PARTIAL_MALL,5,MSFT,LevHAR,rolling,840,1.3419851751021623e-08,0.00011584408379810176,5.0830681974842354e-05,0.03813030305734699,1.3800230658212581e-08,0.9724367717749274
PARTIAL_MALL,5,MSFT,LogHAR,rolling,841,1.1224085710954097e-08,0.00010594378561744005,4.72318074536104e-05,0.19484933819853334,1.3800230658212581e-08,0.8133259500466822
PARTIAL_MALL,5,MSFT,NN1,fixed,841,1.2548753563034067e-08,0.00011202121925347031,6.269544419364517e-05,0.09982536696064326,1.3800230658212581e-08,0.90931476971845
PARTIAL_MALL,5,MSFT,NN1_1,fixed,841,1.2816464840617387e-08,0.0001132098266080175,6.410071133899431e-05,0.08062131614806223,1.3800230658212581e-08,0.9287138134166076
PARTIAL_MALL,5,MSFT,NN2,fixed,841,1.243687825721154e-08,0.00011152075258538896,5.70907284982414e-05,0.10785065105432567,1.3800230658212581e-08,0.9012079989989368
PARTIAL_MALL,5,MSFT,NN2_1,fixed,841,1.2349867662803705e-08,0.00011112995843967416,5.578766008599495e-05,0.1140922852929912,1.3800230658212581e-08,0.894902988846367
PARTIAL_MALL,5,MSFT,NN3,fixed,841,1.2456885992042927e-08,0.0001116104206247917,6.034031038930744e-05,0.10641541246514452,1.3800230658212581e-08,0.9026578106236055
PARTIAL_MALL,5,MSFT,NN3_1,fixed,841,1.2542946834244304e-08,0.00011199529826847333,5.724701796734812e-05,0.10024190792873444,1.3800230658212581e-08,0.9088939993028261
PARTIAL_MALL,5,MSFT,NN4,fixed,841,1.2561089596319767e-08,0.00011207626687358821,6.261787119343021e-05,0.09894045164372856,1.3800230658212581e-08,0.9102086702329576
PARTIAL_MALL,5,MSFT,NN4_1,fixed,841,1.2622789651202128e-08,0.00011235118891761728,5.9575824063189646e-05,0.09451444837708944,1.3800230658212581e-08,0.9146796139737163
PARTIAL_MALL,5,MSFT,PostLasso,rolling,841,1.3712188074266834e-08,0.00011709905240550341,5.083758848441277e-05,0.016367338324286607,1.3800230658212581e-08,0.993620209246767
PARTIAL_MALL,5,MSFT,RandomForest,rolling,841,1.147033858476999e-08,0.0001070996665950459,4.8870083426836184e-05,0.17718458853167374,1.3800230658212581e-08,0.8311700629397769
PARTIAL_MALL,5,MSFT,Ridge,rolling,841,1.3340874783595308e-08,0.00011550270465922132,5.0531541122386274e-05,0.043003195303540465,1.3800230658212581e-08,0.9667138987750246
PARTIAL_MALL,5,MSFT,SHAR,rolling,841,1.3111484855063722e-08,0.00011450539225321978,5.0559534989823765e-05,0.059458295302246444,1.3800230658212581e-08,0.9500917180149462
