dataset,horizon,model,single_best_model,ticker,selected_seed,selected_seed_val_mse,rows,source_checkpoint
MHAR,22,NN1,NN1_single_best,AAPL,50,1.950760910972958e-09,838,C:\Users\celia\Desktop\h22_added\h22_transfer_package_20260523_152155\h22_transfer_package_20260523\outputs_h22_nn_tasks_20260523\nn_seed_predictions\MHAR\h22\NN1\AAPL\seed_50.csv
MHAR,22,NN1,NN1_single_best,AXP,72,7.644893358202522e-10,833,C:\Users\celia\Desktop\h22_added\h22_transfer_package_20260523_152155\h22_transfer_package_20260523\outputs_h22_nn_tasks_20260523\nn_seed_predictions\MHAR\h22\NN1\AXP\seed_72.csv
MHAR,22,NN1,NN1_single_best,BA,75,1.9346146733831804e-09,832,C:\Users\celia\Desktop\h22_added\h22_transfer_package_20260523_152155\h22_transfer_package_20260523\outputs_h22_nn_tasks_20260523\nn_seed_predictions\MHAR\h22\NN1\BA\seed_75.csv
MHAR,22,NN1,NN1_single_best,CAT,87,7.511753926928164e-10,823,C:\Users\celia\Desktop\h22_added\h22_transfer_package_20260523_152155\h22_transfer_package_20260523\outputs_h22_nn_tasks_20260523\nn_seed_predictions\MHAR\h22\NN1\CAT\seed_87.csv
MHAR,22,NN1,NN1_single_best,CSCO,45,5.855596500356909e-10,838,C:\Users\celia\Desktop\h22_added\h22_transfer_package_20260523_152155\h22_transfer_package_20260523\outputs_h22_nn_tasks_20260523\nn_seed_predictions\MHAR\h22\NN1\CSCO\seed_45.csv
MHAR,22,NN1,NN1_single_best,DIS,84,4.981089576375441e-10,833,C:\Users\celia\Desktop\h22_added\h22_transfer_package_20260523_152155\h22_transfer_package_20260523\outputs_h22_nn_tasks_20260523\nn_seed_predictions\MHAR\h22\NN1\DIS\seed_84.csv
MHAR,22,NN1,NN1_single_best,GE,51,4.3438210973508687e-10,837,C:\Users\celia\Desktop\h22_added\h22_transfer_package_20260523_152155\h22_transfer_package_20260523\outputs_h22_nn_tasks_20260523\nn_seed_predictions\MHAR\h22\NN1\GE\seed_51.csv
MHAR,22,NN1,NN1_single_best,GS,50,1.3779705510309951e-09,818,C:\Users\celia\Desktop\h22_added\h22_transfer_package_20260523_152155\h22_transfer_package_20260523\outputs_h22_nn_tasks_20260523\nn_seed_predictions\MHAR\h22\NN1\GS\seed_50.csv
MHAR,22,NN1,NN1_single_best,HD,63,4.814523394719729e-10,833,C:\Users\celia\Desktop\h22_added\h22_transfer_package_20260523_152155\h22_transfer_package_20260523\outputs_h22_nn_tasks_20260523\nn_seed_predictions\MHAR\h22\NN1\HD\seed_63.csv
MHAR,22,NN1,NN1_single_best,IBM,57,2.3840610120242816e-10,838,C:\Users\celia\Desktop\h22_added\h22_transfer_package_20260523_152155\h22_transfer_package_20260523\outputs_h22_nn_tasks_20260523\nn_seed_predictions\MHAR\h22\NN1\IBM\seed_57.csv
MHAR,22,NN1,NN1_single_best,INTC,60,8.93241257136201e-10,836,C:\Users\celia\Desktop\h22_added\h22_transfer_package_20260523_152155\h22_transfer_package_20260523\outputs_h22_nn_tasks_20260523\nn_seed_predictions\MHAR\h22\NN1\INTC\seed_60.csv
MHAR,22,NN1,NN1_single_best,JNJ,47,3.193421460720384e-10,825,C:\Users\celia\Desktop\h22_added\h22_transfer_package_20260523_152155\h22_transfer_package_20260523\outputs_h22_nn_tasks_20260523\nn_seed_predictions\MHAR\h22\NN1\JNJ\seed_47.csv
MHAR,22,NN1,NN1_single_best,JPM,69,1.1698023197829112e-09,837,C:\Users\celia\Desktop\h22_added\h22_transfer_package_20260523_152155\h22_transfer_package_20260523\outputs_h22_nn_tasks_20260523\nn_seed_predictions\MHAR\h22\NN1\JPM\seed_69.csv
MHAR,22,NN1,NN1_single_best,KO,51,4.768700168752677e-10,822,C:\Users\celia\Desktop\h22_added\h22_transfer_package_20260523_152155\h22_transfer_package_20260523\outputs_h22_nn_tasks_20260523\nn_seed_predictions\MHAR\h22\NN1\KO\seed_51.csv
MHAR,22,NN1,NN1_single_best,MCD,52,1.2580349761493738e-10,830,C:\Users\celia\Desktop\h22_added\h22_transfer_package_20260523_152155\h22_transfer_package_20260523\outputs_h22_nn_tasks_20260523\nn_seed_predictions\MHAR\h22\NN1\MCD\seed_52.csv
MHAR,22,NN1,NN1_single_best,MMM,84,3.1190705448132164e-10,827,C:\Users\celia\Desktop\h22_added\h22_transfer_package_20260523_152155\h22_transfer_package_20260523\outputs_h22_nn_tasks_20260523\nn_seed_predictions\MHAR\h22\NN1\MMM\seed_84.csv
MHAR,22,NN1,NN1_single_best,MRK,69,9.673253960879734e-10,830,C:\Users\celia\Desktop\h22_added\h22_transfer_package_20260523_152155\h22_transfer_package_20260523\outputs_h22_nn_tasks_20260523\nn_seed_predictions\MHAR\h22\NN1\MRK\seed_69.csv
MHAR,22,NN1,NN1_single_best,MSFT,53,1.123989795838797e-09,838,C:\Users\celia\Desktop\h22_added\h22_transfer_package_20260523_152155\h22_transfer_package_20260523\outputs_h22_nn_tasks_20260523\nn_seed_predictions\MHAR\h22\NN1\MSFT\seed_53.csv
MHAR,22,NN1,NN1_single_best,NKE,60,4.790791996833433e-10,799,C:\Users\celia\Desktop\h22_added\h22_transfer_package_20260523_152155\h22_transfer_package_20260523\outputs_h22_nn_tasks_20260523\nn_seed_predictions\MHAR\h22\NN1\NKE\seed_60.csv
MHAR,22,NN1,NN1_single_best,PFE,78,1.325530704178085e-09,827,C:\Users\celia\Desktop\h22_added\h22_transfer_package_20260523_152155\h22_transfer_package_20260523\outputs_h22_nn_tasks_20260523\nn_seed_predictions\MHAR\h22\NN1\PFE\seed_78.csv
MHAR,22,NN1,NN1_single_best,PG,78,4.3042499619307746e-10,831,C:\Users\celia\Desktop\h22_added\h22_transfer_package_20260523_152155\h22_transfer_package_20260523\outputs_h22_nn_tasks_20260523\nn_seed_predictions\MHAR\h22\NN1\PG\seed_78.csv
MHAR,22,NN1,NN1_single_best,UNH,47,1.2125955120213482e-09,797,C:\Users\celia\Desktop\h22_added\h22_transfer_package_20260523_152155\h22_transfer_package_20260523\outputs_h22_nn_tasks_20260523\nn_seed_predictions\MHAR\h22\NN1\UNH\seed_47.csv
MHAR,22,NN1,NN1_single_best,VZ,57,5.396085917637002e-10,832,C:\Users\celia\Desktop\h22_added\h22_transfer_package_20260523_152155\h22_transfer_package_20260523\outputs_h22_nn_tasks_20260523\nn_seed_predictions\MHAR\h22\NN1\VZ\seed_57.csv
MHAR,22,NN1,NN1_single_best,WMT,52,2.6429883464559487e-10,831,C:\Users\celia\Desktop\h22_added\h22_transfer_package_20260523_152155\h22_transfer_package_20260523\outputs_h22_nn_tasks_20260523\nn_seed_predictions\MHAR\h22\NN1\WMT\seed_52.csv
MHAR,22,NN1,NN1_single_best,XOM,72,2.2528299579226834e-10,833,C:\Users\celia\Desktop\h22_added\h22_transfer_package_20260523_152155\h22_transfer_package_20260523\outputs_h22_nn_tasks_20260523\nn_seed_predictions\MHAR\h22\NN1\XOM\seed_72.csv
MHAR,22,NN2,NN2_single_best,AAPL,71,2.130753099199958e-09,838,C:\Users\celia\Desktop\h22_added\h22_transfer_package_20260523_152155\h22_transfer_package_20260523\outputs_h22_nn_tasks_20260523\nn_seed_predictions\MHAR\h22\NN2\AAPL\seed_71.csv
MHAR,22,NN2,NN2_single_best,AXP,85,7.32143723467013e-10,833,C:\Users\celia\Desktop\h22_added\h22_transfer_package_20260523_152155\h22_transfer_package_20260523\outputs_h22_nn_tasks_20260523\nn_seed_predictions\MHAR\h22\NN2\AXP\seed_85.csv
MHAR,22,NN2,NN2_single_best,BA,78,1.8924097411714463e-09,832,C:\Users\celia\Desktop\h22_added\h22_transfer_package_20260523_152155\h22_transfer_package_20260523\outputs_h22_nn_tasks_20260523\nn_seed_predictions\MHAR\h22\NN2\BA\seed_78.csv
MHAR,22,NN2,NN2_single_best,CAT,84,7.557958181982137e-10,823,C:\Users\celia\Desktop\h22_added\h22_transfer_package_20260523_152155\h22_transfer_package_20260523\outputs_h22_nn_tasks_20260523\nn_seed_predictions\MHAR\h22\NN2\CAT\seed_84.csv
MHAR,22,NN2,NN2_single_best,CSCO,65,6.37849559340754e-10,838,C:\Users\celia\Desktop\h22_added\h22_transfer_package_20260523_152155\h22_transfer_package_20260523\outputs_h22_nn_tasks_20260523\nn_seed_predictions\MHAR\h22\NN2\CSCO\seed_65.csv
MHAR,22,NN2,NN2_single_best,DIS,85,4.817202367762251e-10,833,C:\Users\celia\Desktop\h22_added\h22_transfer_package_20260523_152155\h22_transfer_package_20260523\outputs_h22_nn_tasks_20260523\nn_seed_predictions\MHAR\h22\NN2\DIS\seed_85.csv
MHAR,22,NN2,NN2_single_best,GE,69,4.5922844092862956e-10,837,C:\Users\celia\Desktop\h22_added\h22_transfer_package_20260523_152155\h22_transfer_package_20260523\outputs_h22_nn_tasks_20260523\nn_seed_predictions\MHAR\h22\NN2\GE\seed_69.csv
MHAR,22,NN2,NN2_single_best,GS,65,1.3499187884799475e-09,818,C:\Users\celia\Desktop\h22_added\h22_transfer_package_20260523_152155\h22_transfer_package_20260523\outputs_h22_nn_tasks_20260523\nn_seed_predictions\MHAR\h22\NN2\GS\seed_65.csv
MHAR,22,NN2,NN2_single_best,HD,88,4.68499549390509e-10,833,C:\Users\celia\Desktop\h22_added\h22_transfer_package_20260523_152155\h22_transfer_package_20260523\outputs_h22_nn_tasks_20260523\nn_seed_predictions\MHAR\h22\NN2\HD\seed_88.csv
MHAR,22,NN2,NN2_single_best,IBM,70,2.3631217255193427e-10,838,C:\Users\celia\Desktop\h22_added\h22_transfer_package_20260523_152155\h22_transfer_package_20260523\outputs_h22_nn_tasks_20260523\nn_seed_predictions\MHAR\h22\NN2\IBM\seed_70.csv
MHAR,22,NN2,NN2_single_best,INTC,44,8.89443610352012e-10,836,C:\Users\celia\Desktop\h22_added\h22_transfer_package_20260523_152155\h22_transfer_package_20260523\outputs_h22_nn_tasks_20260523\nn_seed_predictions\MHAR\h22\NN2\INTC\seed_44.csv
MHAR,22,NN2,NN2_single_best,JNJ,70,3.2724958821652164e-10,825,C:\Users\celia\Desktop\h22_added\h22_transfer_package_20260523_152155\h22_transfer_package_20260523\outputs_h22_nn_tasks_20260523\nn_seed_predictions\MHAR\h22\NN2\JNJ\seed_70.csv
MHAR,22,NN2,NN2_single_best,JPM,65,1.0039695486804747e-09,837,C:\Users\celia\Desktop\h22_added\h22_transfer_package_20260523_152155\h22_transfer_package_20260523\outputs_h22_nn_tasks_20260523\nn_seed_predictions\MHAR\h22\NN2\JPM\seed_65.csv
MHAR,22,NN2,NN2_single_best,KO,85,4.777309523239922e-10,822,C:\Users\celia\Desktop\h22_added\h22_transfer_package_20260523_152155\h22_transfer_package_20260523\outputs_h22_nn_tasks_20260523\nn_seed_predictions\MHAR\h22\NN2\KO\seed_85.csv
MHAR,22,NN2,NN2_single_best,MCD,88,1.240007191609602e-10,830,C:\Users\celia\Desktop\h22_added\h22_transfer_package_20260523_152155\h22_transfer_package_20260523\outputs_h22_nn_tasks_20260523\nn_seed_predictions\MHAR\h22\NN2\MCD\seed_88.csv
MHAR,22,NN2,NN2_single_best,MMM,87,3.2135346810451876e-10,827,C:\Users\celia\Desktop\h22_added\h22_transfer_package_20260523_152155\h22_transfer_package_20260523\outputs_h22_nn_tasks_20260523\nn_seed_predictions\MHAR\h22\NN2\MMM\seed_87.csv
MHAR,22,NN2,NN2_single_best,MRK,88,9.99451900634121e-10,830,C:\Users\celia\Desktop\h22_added\h22_transfer_package_20260523_152155\h22_transfer_package_20260523\outputs_h22_nn_tasks_20260523\nn_seed_predictions\MHAR\h22\NN2\MRK\seed_88.csv
MHAR,22,NN2,NN2_single_best,MSFT,50,1.106860091837743e-09,838,C:\Users\celia\Desktop\h22_added\h22_transfer_package_20260523_152155\h22_transfer_package_20260523\outputs_h22_nn_tasks_20260523\nn_seed_predictions\MHAR\h22\NN2\MSFT\seed_50.csv
MHAR,22,NN2,NN2_single_best,NKE,88,4.84788865832925e-10,799,C:\Users\celia\Desktop\h22_added\h22_transfer_package_20260523_152155\h22_transfer_package_20260523\outputs_h22_nn_tasks_20260523\nn_seed_predictions\MHAR\h22\NN2\NKE\seed_88.csv
MHAR,22,NN2,NN2_single_best,PFE,85,1.4052672956994223e-09,827,C:\Users\celia\Desktop\h22_added\h22_transfer_package_20260523_152155\h22_transfer_package_20260523\outputs_h22_nn_tasks_20260523\nn_seed_predictions\MHAR\h22\NN2\PFE\seed_85.csv
MHAR,22,NN2,NN2_single_best,PG,85,4.1289472755858525e-10,831,C:\Users\celia\Desktop\h22_added\h22_transfer_package_20260523_152155\h22_transfer_package_20260523\outputs_h22_nn_tasks_20260523\nn_seed_predictions\MHAR\h22\NN2\PG\seed_85.csv
MHAR,22,NN2,NN2_single_best,UNH,85,1.2042802012570182e-09,797,C:\Users\celia\Desktop\h22_added\h22_transfer_package_20260523_152155\h22_transfer_package_20260523\outputs_h22_nn_tasks_20260523\nn_seed_predictions\MHAR\h22\NN2\UNH\seed_85.csv
MHAR,22,NN2,NN2_single_best,VZ,79,5.602563633269493e-10,832,C:\Users\celia\Desktop\h22_added\h22_transfer_package_20260523_152155\h22_transfer_package_20260523\outputs_h22_nn_tasks_20260523\nn_seed_predictions\MHAR\h22\NN2\VZ\seed_79.csv
MHAR,22,NN2,NN2_single_best,WMT,66,2.5992028988043256e-10,831,C:\Users\celia\Desktop\h22_added\h22_transfer_package_20260523_152155\h22_transfer_package_20260523\outputs_h22_nn_tasks_20260523\nn_seed_predictions\MHAR\h22\NN2\WMT\seed_66.csv
MHAR,22,NN2,NN2_single_best,XOM,53,2.3509671101972667e-10,833,C:\Users\celia\Desktop\h22_added\h22_transfer_package_20260523_152155\h22_transfer_package_20260523\outputs_h22_nn_tasks_20260523\nn_seed_predictions\MHAR\h22\NN2\XOM\seed_53.csv
MHAR,22,NN3,NN3_single_best,AAPL,76,2.189545464452474e-09,838,C:\Users\celia\Desktop\h22_added\h22_transfer_package_20260523_152155\h22_transfer_package_20260523\outputs_h22_nn_tasks_20260523\nn_seed_predictions\MHAR\h22\NN3\AAPL\seed_76.csv
MHAR,22,NN3,NN3_single_best,AXP,87,7.174936534169819e-10,833,C:\Users\celia\Desktop\h22_added\h22_transfer_package_20260523_152155\h22_transfer_package_20260523\outputs_h22_nn_tasks_20260523\nn_seed_predictions\MHAR\h22\NN3\AXP\seed_87.csv
MHAR,22,NN3,NN3_single_best,BA,81,1.9095117835263582e-09,832,C:\Users\celia\Desktop\h22_added\h22_transfer_package_20260523_152155\h22_transfer_package_20260523\outputs_h22_nn_tasks_20260523\nn_seed_predictions\MHAR\h22\NN3\BA\seed_81.csv
MHAR,22,NN3,NN3_single_best,CAT,45,7.676847703218922e-10,823,C:\Users\celia\Desktop\h22_added\h22_transfer_package_20260523_152155\h22_transfer_package_20260523\outputs_h22_nn_tasks_20260523\nn_seed_predictions\MHAR\h22\NN3\CAT\seed_45.csv
MHAR,22,NN3,NN3_single_best,CSCO,58,6.34078085306903e-10,838,C:\Users\celia\Desktop\h22_added\h22_transfer_package_20260523_152155\h22_transfer_package_20260523\outputs_h22_nn_tasks_20260523\nn_seed_predictions\MHAR\h22\NN3\CSCO\seed_58.csv
MHAR,22,NN3,NN3_single_best,DIS,81,4.760422680749967e-10,833,C:\Users\celia\Desktop\h22_added\h22_transfer_package_20260523_152155\h22_transfer_package_20260523\outputs_h22_nn_tasks_20260523\nn_seed_predictions\MHAR\h22\NN3\DIS\seed_81.csv
MHAR,22,NN3,NN3_single_best,GE,81,4.317762357040348e-10,837,C:\Users\celia\Desktop\h22_added\h22_transfer_package_20260523_152155\h22_transfer_package_20260523\outputs_h22_nn_tasks_20260523\nn_seed_predictions\MHAR\h22\NN3\GE\seed_81.csv
MHAR,22,NN3,NN3_single_best,GS,48,1.366528834016691e-09,818,C:\Users\celia\Desktop\h22_added\h22_transfer_package_20260523_152155\h22_transfer_package_20260523\outputs_h22_nn_tasks_20260523\nn_seed_predictions\MHAR\h22\NN3\GS\seed_48.csv
MHAR,22,NN3,NN3_single_best,HD,87,4.6515514772077504e-10,833,C:\Users\celia\Desktop\h22_added\h22_transfer_package_20260523_152155\h22_transfer_package_20260523\outputs_h22_nn_tasks_20260523\nn_seed_predictions\MHAR\h22\NN3\HD\seed_87.csv
MHAR,22,NN3,NN3_single_best,IBM,87,2.2917488098906324e-10,838,C:\Users\celia\Desktop\h22_added\h22_transfer_package_20260523_152155\h22_transfer_package_20260523\outputs_h22_nn_tasks_20260523\nn_seed_predictions\MHAR\h22\NN3\IBM\seed_87.csv
MHAR,22,NN3,NN3_single_best,INTC,87,8.759333294894063e-10,836,C:\Users\celia\Desktop\h22_added\h22_transfer_package_20260523_152155\h22_transfer_package_20260523\outputs_h22_nn_tasks_20260523\nn_seed_predictions\MHAR\h22\NN3\INTC\seed_87.csv
MHAR,22,NN3,NN3_single_best,JNJ,87,2.9983318901239007e-10,825,C:\Users\celia\Desktop\h22_added\h22_transfer_package_20260523_152155\h22_transfer_package_20260523\outputs_h22_nn_tasks_20260523\nn_seed_predictions\MHAR\h22\NN3\JNJ\seed_87.csv
MHAR,22,NN3,NN3_single_best,JPM,81,9.586432525431115e-10,837,C:\Users\celia\Desktop\h22_added\h22_transfer_package_20260523_152155\h22_transfer_package_20260523\outputs_h22_nn_tasks_20260523\nn_seed_predictions\MHAR\h22\NN3\JPM\seed_81.csv
MHAR,22,NN3,NN3_single_best,KO,87,4.979381467872224e-10,822,C:\Users\celia\Desktop\h22_added\h22_transfer_package_20260523_152155\h22_transfer_package_20260523\outputs_h22_nn_tasks_20260523\nn_seed_predictions\MHAR\h22\NN3\KO\seed_87.csv
MHAR,22,NN3,NN3_single_best,MCD,79,1.2083886635070863e-10,830,C:\Users\celia\Desktop\h22_added\h22_transfer_package_20260523_152155\h22_transfer_package_20260523\outputs_h22_nn_tasks_20260523\nn_seed_predictions\MHAR\h22\NN3\MCD\seed_79.csv
MHAR,22,NN3,NN3_single_best,MMM,52,3.020701315696356e-10,827,C:\Users\celia\Desktop\h22_added\h22_transfer_package_20260523_152155\h22_transfer_package_20260523\outputs_h22_nn_tasks_20260523\nn_seed_predictions\MHAR\h22\NN3\MMM\seed_52.csv
MHAR,22,NN3,NN3_single_best,MRK,48,9.838942298692046e-10,830,C:\Users\celia\Desktop\h22_added\h22_transfer_package_20260523_152155\h22_transfer_package_20260523\outputs_h22_nn_tasks_20260523\nn_seed_predictions\MHAR\h22\NN3\MRK\seed_48.csv
MHAR,22,NN3,NN3_single_best,MSFT,45,1.1067267562477243e-09,838,C:\Users\celia\Desktop\h22_added\h22_transfer_package_20260523_152155\h22_transfer_package_20260523\outputs_h22_nn_tasks_20260523\nn_seed_predictions\MHAR\h22\NN3\MSFT\seed_45.csv
MHAR,22,NN3,NN3_single_best,NKE,58,4.834628261991006e-10,799,C:\Users\celia\Desktop\h22_added\h22_transfer_package_20260523_152155\h22_transfer_package_20260523\outputs_h22_nn_tasks_20260523\nn_seed_predictions\MHAR\h22\NN3\NKE\seed_58.csv
MHAR,22,NN3,NN3_single_best,PFE,81,1.449025942968791e-09,827,C:\Users\celia\Desktop\h22_added\h22_transfer_package_20260523_152155\h22_transfer_package_20260523\outputs_h22_nn_tasks_20260523\nn_seed_predictions\MHAR\h22\NN3\PFE\seed_81.csv
MHAR,22,NN3,NN3_single_best,PG,87,4.1076069322445126e-10,831,C:\Users\celia\Desktop\h22_added\h22_transfer_package_20260523_152155\h22_transfer_package_20260523\outputs_h22_nn_tasks_20260523\nn_seed_predictions\MHAR\h22\NN3\PG\seed_87.csv
MHAR,22,NN3,NN3_single_best,UNH,87,1.2046326741798132e-09,797,C:\Users\celia\Desktop\h22_added\h22_transfer_package_20260523_152155\h22_transfer_package_20260523\outputs_h22_nn_tasks_20260523\nn_seed_predictions\MHAR\h22\NN3\UNH\seed_87.csv
MHAR,22,NN3,NN3_single_best,VZ,81,5.215063687724263e-10,832,C:\Users\celia\Desktop\h22_added\h22_transfer_package_20260523_152155\h22_transfer_package_20260523\outputs_h22_nn_tasks_20260523\nn_seed_predictions\MHAR\h22\NN3\VZ\seed_81.csv
MHAR,22,NN3,NN3_single_best,WMT,81,2.5012188722069284e-10,831,C:\Users\celia\Desktop\h22_added\h22_transfer_package_20260523_152155\h22_transfer_package_20260523\outputs_h22_nn_tasks_20260523\nn_seed_predictions\MHAR\h22\NN3\WMT\seed_81.csv
MHAR,22,NN3,NN3_single_best,XOM,81,2.3203229561953854e-10,833,C:\Users\celia\Desktop\h22_added\h22_transfer_package_20260523_152155\h22_transfer_package_20260523\outputs_h22_nn_tasks_20260523\nn_seed_predictions\MHAR\h22\NN3\XOM\seed_81.csv
MHAR,22,NN4,NN4_single_best,AAPL,83,2.434481808427841e-09,838,C:\Users\celia\Desktop\h22_added\h22_transfer_package_20260523_152155\h22_transfer_package_20260523\outputs_h22_nn_tasks_20260523\nn_seed_predictions\MHAR\h22\NN4\AAPL\seed_83.csv
MHAR,22,NN4,NN4_single_best,AXP,76,7.54571337319321e-10,833,C:\Users\celia\Desktop\h22_added\h22_transfer_package_20260523_152155\h22_transfer_package_20260523\outputs_h22_nn_tasks_20260523\nn_seed_predictions\MHAR\h22\NN4\AXP\seed_76.csv
MHAR,22,NN4,NN4_single_best,BA,60,1.9806521530380198e-09,832,C:\Users\celia\Desktop\h22_added\h22_transfer_package_20260523_152155\h22_transfer_package_20260523\outputs_h22_nn_tasks_20260523\nn_seed_predictions\MHAR\h22\NN4\BA\seed_60.csv
MHAR,22,NN4,NN4_single_best,CAT,64,7.91197829249914e-10,823,C:\Users\celia\Desktop\h22_added\h22_transfer_package_20260523_152155\h22_transfer_package_20260523\outputs_h22_nn_tasks_20260523\nn_seed_predictions\MHAR\h22\NN4\CAT\seed_64.csv
MHAR,22,NN4,NN4_single_best,CSCO,83,5.576011946060052e-10,838,C:\Users\celia\Desktop\h22_added\h22_transfer_package_20260523_152155\h22_transfer_package_20260523\outputs_h22_nn_tasks_20260523\nn_seed_predictions\MHAR\h22\NN4\CSCO\seed_83.csv
MHAR,22,NN4,NN4_single_best,DIS,46,4.909201004181274e-10,833,C:\Users\celia\Desktop\h22_added\h22_transfer_package_20260523_152155\h22_transfer_package_20260523\outputs_h22_nn_tasks_20260523\nn_seed_predictions\MHAR\h22\NN4\DIS\seed_46.csv
MHAR,22,NN4,NN4_single_best,GE,90,5.089618792528835e-10,837,C:\Users\celia\Desktop\h22_added\h22_transfer_package_20260523_152155\h22_transfer_package_20260523\outputs_h22_nn_tasks_20260523\nn_seed_predictions\MHAR\h22\NN4\GE\seed_90.csv
MHAR,22,NN4,NN4_single_best,GS,74,1.291834181636139e-09,818,C:\Users\celia\Desktop\h22_added\h22_transfer_package_20260523_152155\h22_transfer_package_20260523\outputs_h22_nn_tasks_20260523\nn_seed_predictions\MHAR\h22\NN4\GS\seed_74.csv
MHAR,22,NN4,NN4_single_best,HD,77,4.636215624515588e-10,833,C:\Users\celia\Desktop\h22_added\h22_transfer_package_20260523_152155\h22_transfer_package_20260523\outputs_h22_nn_tasks_20260523\nn_seed_predictions\MHAR\h22\NN4\HD\seed_77.csv
MHAR,22,NN4,NN4_single_best,IBM,76,2.3903180055520425e-10,838,C:\Users\celia\Desktop\h22_added\h22_transfer_package_20260523_152155\h22_transfer_package_20260523\outputs_h22_nn_tasks_20260523\nn_seed_predictions\MHAR\h22\NN4\IBM\seed_76.csv
MHAR,22,NN4,NN4_single_best,INTC,51,9.066047360433063e-10,836,C:\Users\celia\Desktop\h22_added\h22_transfer_package_20260523_152155\h22_transfer_package_20260523\outputs_h22_nn_tasks_20260523\nn_seed_predictions\MHAR\h22\NN4\INTC\seed_51.csv
MHAR,22,NN4,NN4_single_best,JNJ,56,3.6692611471262335e-10,825,C:\Users\celia\Desktop\h22_added\h22_transfer_package_20260523_152155\h22_transfer_package_20260523\outputs_h22_nn_tasks_20260523\nn_seed_predictions\MHAR\h22\NN4\JNJ\seed_56.csv
MHAR,22,NN4,NN4_single_best,JPM,69,9.700951046261762e-10,837,C:\Users\celia\Desktop\h22_added\h22_transfer_package_20260523_152155\h22_transfer_package_20260523\outputs_h22_nn_tasks_20260523\nn_seed_predictions\MHAR\h22\NN4\JPM\seed_69.csv
MHAR,22,NN4,NN4_single_best,KO,59,4.795666397260578e-10,822,C:\Users\celia\Desktop\h22_added\h22_transfer_package_20260523_152155\h22_transfer_package_20260523\outputs_h22_nn_tasks_20260523\nn_seed_predictions\MHAR\h22\NN4\KO\seed_59.csv
MHAR,22,NN4,NN4_single_best,MCD,51,1.2429282014668266e-10,830,C:\Users\celia\Desktop\h22_added\h22_transfer_package_20260523_152155\h22_transfer_package_20260523\outputs_h22_nn_tasks_20260523\nn_seed_predictions\MHAR\h22\NN4\MCD\seed_51.csv
MHAR,22,NN4,NN4_single_best,MMM,58,3.339291714583694e-10,827,C:\Users\celia\Desktop\h22_added\h22_transfer_package_20260523_152155\h22_transfer_package_20260523\outputs_h22_nn_tasks_20260523\nn_seed_predictions\MHAR\h22\NN4\MMM\seed_58.csv
MHAR,22,NN4,NN4_single_best,MRK,72,9.926052155275475e-10,830,C:\Users\celia\Desktop\h22_added\h22_transfer_package_20260523_152155\h22_transfer_package_20260523\outputs_h22_nn_tasks_20260523\nn_seed_predictions\MHAR\h22\NN4\MRK\seed_72.csv
MHAR,22,NN4,NN4_single_best,MSFT,48,1.0939577529476686e-09,838,C:\Users\celia\Desktop\h22_added\h22_transfer_package_20260523_152155\h22_transfer_package_20260523\outputs_h22_nn_tasks_20260523\nn_seed_predictions\MHAR\h22\NN4\MSFT\seed_48.csv
MHAR,22,NN4,NN4_single_best,NKE,82,4.882197404870223e-10,799,C:\Users\celia\Desktop\h22_added\h22_transfer_package_20260523_152155\h22_transfer_package_20260523\outputs_h22_nn_tasks_20260523\nn_seed_predictions\MHAR\h22\NN4\NKE\seed_82.csv
MHAR,22,NN4,NN4_single_best,PFE,76,1.4891599762805712e-09,827,C:\Users\celia\Desktop\h22_added\h22_transfer_package_20260523_152155\h22_transfer_package_20260523\outputs_h22_nn_tasks_20260523\nn_seed_predictions\MHAR\h22\NN4\PFE\seed_76.csv
MHAR,22,NN4,NN4_single_best,PG,45,4.665959218394057e-10,831,C:\Users\celia\Desktop\h22_added\h22_transfer_package_20260523_152155\h22_transfer_package_20260523\outputs_h22_nn_tasks_20260523\nn_seed_predictions\MHAR\h22\NN4\PG\seed_45.csv
MHAR,22,NN4,NN4_single_best,UNH,76,1.2273012455562899e-09,797,C:\Users\celia\Desktop\h22_added\h22_transfer_package_20260523_152155\h22_transfer_package_20260523\outputs_h22_nn_tasks_20260523\nn_seed_predictions\MHAR\h22\NN4\UNH\seed_76.csv
MHAR,22,NN4,NN4_single_best,VZ,83,5.610335944480184e-10,832,C:\Users\celia\Desktop\h22_added\h22_transfer_package_20260523_152155\h22_transfer_package_20260523\outputs_h22_nn_tasks_20260523\nn_seed_predictions\MHAR\h22\NN4\VZ\seed_83.csv
MHAR,22,NN4,NN4_single_best,WMT,83,2.704063757650078e-10,831,C:\Users\celia\Desktop\h22_added\h22_transfer_package_20260523_152155\h22_transfer_package_20260523\outputs_h22_nn_tasks_20260523\nn_seed_predictions\MHAR\h22\NN4\WMT\seed_83.csv
MHAR,22,NN4,NN4_single_best,XOM,51,2.3332595894278687e-10,833,C:\Users\celia\Desktop\h22_added\h22_transfer_package_20260523_152155\h22_transfer_package_20260523\outputs_h22_nn_tasks_20260523\nn_seed_predictions\MHAR\h22\NN4\XOM\seed_51.csv
PARTIAL_MALL,22,NN1,NN1_single_best,AAPL,72,5.401360225774112e-09,838,C:\Users\celia\Desktop\h22_added\h22_transfer_package_20260523_152155\h22_transfer_package_20260523\outputs_h22_nn_tasks_20260523\nn_seed_predictions\PARTIAL_MALL\h22\NN1\AAPL\seed_72.csv
PARTIAL_MALL,22,NN1,NN1_single_best,AXP,91,8.667879101858944e-10,833,C:\Users\celia\Desktop\h22_added\h22_transfer_package_20260523_152155\h22_transfer_package_20260523\outputs_h22_nn_tasks_20260523\nn_seed_predictions\PARTIAL_MALL\h22\NN1\AXP\seed_91.csv
PARTIAL_MALL,22,NN1,NN1_single_best,BA,60,1.8937289157914816e-09,832,C:\Users\celia\Desktop\h22_added\h22_transfer_package_20260523_152155\h22_transfer_package_20260523\outputs_h22_nn_tasks_20260523\nn_seed_predictions\PARTIAL_MALL\h22\NN1\BA\seed_60.csv
PARTIAL_MALL,22,NN1,NN1_single_best,CAT,82,7.73532754956226e-10,823,C:\Users\celia\Desktop\h22_added\h22_transfer_package_20260523_152155\h22_transfer_package_20260523\outputs_h22_nn_tasks_20260523\nn_seed_predictions\PARTIAL_MALL\h22\NN1\CAT\seed_82.csv
PARTIAL_MALL,22,NN1,NN1_single_best,CSCO,59,6.770804543940514e-10,838,C:\Users\celia\Desktop\h22_added\h22_transfer_package_20260523_152155\h22_transfer_package_20260523\outputs_h22_nn_tasks_20260523\nn_seed_predictions\PARTIAL_MALL\h22\NN1\CSCO\seed_59.csv
PARTIAL_MALL,22,NN1,NN1_single_best,DIS,85,7.522673117339896e-10,833,C:\Users\celia\Desktop\h22_added\h22_transfer_package_20260523_152155\h22_transfer_package_20260523\outputs_h22_nn_tasks_20260523\nn_seed_predictions\PARTIAL_MALL\h22\NN1\DIS\seed_85.csv
PARTIAL_MALL,22,NN1,NN1_single_best,GE,70,5.603386695047427e-10,837,C:\Users\celia\Desktop\h22_added\h22_transfer_package_20260523_152155\h22_transfer_package_20260523\outputs_h22_nn_tasks_20260523\nn_seed_predictions\PARTIAL_MALL\h22\NN1\GE\seed_70.csv
PARTIAL_MALL,22,NN1,NN1_single_best,GS,60,2.081458301682609e-09,818,C:\Users\celia\Desktop\h22_added\h22_transfer_package_20260523_152155\h22_transfer_package_20260523\outputs_h22_nn_tasks_20260523\nn_seed_predictions\PARTIAL_MALL\h22\NN1\GS\seed_60.csv
PARTIAL_MALL,22,NN1,NN1_single_best,HD,58,4.977797529782714e-10,833,C:\Users\celia\Desktop\h22_added\h22_transfer_package_20260523_152155\h22_transfer_package_20260523\outputs_h22_nn_tasks_20260523\nn_seed_predictions\PARTIAL_MALL\h22\NN1\HD\seed_58.csv
PARTIAL_MALL,22,NN1,NN1_single_best,IBM,44,2.8232458202765537e-10,838,C:\Users\celia\Desktop\h22_added\h22_transfer_package_20260523_152155\h22_transfer_package_20260523\outputs_h22_nn_tasks_20260523\nn_seed_predictions\PARTIAL_MALL\h22\NN1\IBM\seed_44.csv
PARTIAL_MALL,22,NN1,NN1_single_best,INTC,66,1.0144748588673346e-09,836,C:\Users\celia\Desktop\h22_added\h22_transfer_package_20260523_152155\h22_transfer_package_20260523\outputs_h22_nn_tasks_20260523\nn_seed_predictions\PARTIAL_MALL\h22\NN1\INTC\seed_66.csv
PARTIAL_MALL,22,NN1,NN1_single_best,JNJ,47,3.562900639762285e-10,825,C:\Users\celia\Desktop\h22_added\h22_transfer_package_20260523_152155\h22_transfer_package_20260523\outputs_h22_nn_tasks_20260523\nn_seed_predictions\PARTIAL_MALL\h22\NN1\JNJ\seed_47.csv
PARTIAL_MALL,22,NN1,NN1_single_best,JPM,61,1.319529986635174e-09,837,C:\Users\celia\Desktop\h22_added\h22_transfer_package_20260523_152155\h22_transfer_package_20260523\outputs_h22_nn_tasks_20260523\nn_seed_predictions\PARTIAL_MALL\h22\NN1\JPM\seed_61.csv
PARTIAL_MALL,22,NN1,NN1_single_best,KO,91,5.117066264664252e-10,822,C:\Users\celia\Desktop\h22_added\h22_transfer_package_20260523_152155\h22_transfer_package_20260523\outputs_h22_nn_tasks_20260523\nn_seed_predictions\PARTIAL_MALL\h22\NN1\KO\seed_91.csv
PARTIAL_MALL,22,NN1,NN1_single_best,MCD,58,1.4168063472072426e-10,830,C:\Users\celia\Desktop\h22_added\h22_transfer_package_20260523_152155\h22_transfer_package_20260523\outputs_h22_nn_tasks_20260523\nn_seed_predictions\PARTIAL_MALL\h22\NN1\MCD\seed_58.csv
PARTIAL_MALL,22,NN1,NN1_single_best,MMM,76,3.3438087976359636e-10,827,C:\Users\celia\Desktop\h22_added\h22_transfer_package_20260523_152155\h22_transfer_package_20260523\outputs_h22_nn_tasks_20260523\nn_seed_predictions\PARTIAL_MALL\h22\NN1\MMM\seed_76.csv
PARTIAL_MALL,22,NN1,NN1_single_best,MRK,53,1.05784833779077e-09,830,C:\Users\celia\Desktop\h22_added\h22_transfer_package_20260523_152155\h22_transfer_package_20260523\outputs_h22_nn_tasks_20260523\nn_seed_predictions\PARTIAL_MALL\h22\NN1\MRK\seed_53.csv
PARTIAL_MALL,22,NN1,NN1_single_best,MSFT,67,1.1337295314295014e-09,838,C:\Users\celia\Desktop\h22_added\h22_transfer_package_20260523_152155\h22_transfer_package_20260523\outputs_h22_nn_tasks_20260523\nn_seed_predictions\PARTIAL_MALL\h22\NN1\MSFT\seed_67.csv
PARTIAL_MALL,22,NN1,NN1_single_best,NKE,60,4.812825496143032e-10,799,C:\Users\celia\Desktop\h22_added\h22_transfer_package_20260523_152155\h22_transfer_package_20260523\outputs_h22_nn_tasks_20260523\nn_seed_predictions\PARTIAL_MALL\h22\NN1\NKE\seed_60.csv
PARTIAL_MALL,22,NN1,NN1_single_best,PFE,69,1.471368195742305e-09,827,C:\Users\celia\Desktop\h22_added\h22_transfer_package_20260523_152155\h22_transfer_package_20260523\outputs_h22_nn_tasks_20260523\nn_seed_predictions\PARTIAL_MALL\h22\NN1\PFE\seed_69.csv
PARTIAL_MALL,22,NN1,NN1_single_best,PG,91,4.4342632192155456e-10,831,C:\Users\celia\Desktop\h22_added\h22_transfer_package_20260523_152155\h22_transfer_package_20260523\outputs_h22_nn_tasks_20260523\nn_seed_predictions\PARTIAL_MALL\h22\NN1\PG\seed_91.csv
PARTIAL_MALL,22,NN1,NN1_single_best,UNH,78,1.228329816601422e-09,797,C:\Users\celia\Desktop\h22_added\h22_transfer_package_20260523_152155\h22_transfer_package_20260523\outputs_h22_nn_tasks_20260523\nn_seed_predictions\PARTIAL_MALL\h22\NN1\UNH\seed_78.csv
PARTIAL_MALL,22,NN1,NN1_single_best,VZ,91,5.126348542756177e-10,832,C:\Users\celia\Desktop\h22_added\h22_transfer_package_20260523_152155\h22_transfer_package_20260523\outputs_h22_nn_tasks_20260523\nn_seed_predictions\PARTIAL_MALL\h22\NN1\VZ\seed_91.csv
PARTIAL_MALL,22,NN1,NN1_single_best,WMT,91,2.4847605234861545e-10,831,C:\Users\celia\Desktop\h22_added\h22_transfer_package_20260523_152155\h22_transfer_package_20260523\outputs_h22_nn_tasks_20260523\nn_seed_predictions\PARTIAL_MALL\h22\NN1\WMT\seed_91.csv
PARTIAL_MALL,22,NN1,NN1_single_best,XOM,75,2.5807407973979384e-10,833,C:\Users\celia\Desktop\h22_added\h22_transfer_package_20260523_152155\h22_transfer_package_20260523\outputs_h22_nn_tasks_20260523\nn_seed_predictions\PARTIAL_MALL\h22\NN1\XOM\seed_75.csv
PARTIAL_MALL,22,NN2,NN2_single_best,AAPL,50,4.574035819612467e-09,838,C:\Users\celia\Desktop\h22_added\h22_transfer_package_20260523_152155\h22_transfer_package_20260523\outputs_h22_nn_tasks_20260523\nn_seed_predictions\PARTIAL_MALL\h22\NN2\AAPL\seed_50.csv
PARTIAL_MALL,22,NN2,NN2_single_best,AXP,85,8.162557808176828e-10,833,C:\Users\celia\Desktop\h22_added\h22_transfer_package_20260523_152155\h22_transfer_package_20260523\outputs_h22_nn_tasks_20260523\nn_seed_predictions\PARTIAL_MALL\h22\NN2\AXP\seed_85.csv
PARTIAL_MALL,22,NN2,NN2_single_best,BA,55,1.9278695934125224e-09,832,C:\Users\celia\Desktop\h22_added\h22_transfer_package_20260523_152155\h22_transfer_package_20260523\outputs_h22_nn_tasks_20260523\nn_seed_predictions\PARTIAL_MALL\h22\NN2\BA\seed_55.csv
PARTIAL_MALL,22,NN2,NN2_single_best,CAT,65,7.77989102938604e-10,823,C:\Users\celia\Desktop\h22_added\h22_transfer_package_20260523_152155\h22_transfer_package_20260523\outputs_h22_nn_tasks_20260523\nn_seed_predictions\PARTIAL_MALL\h22\NN2\CAT\seed_65.csv
PARTIAL_MALL,22,NN2,NN2_single_best,CSCO,51,7.264504041821658e-10,838,C:\Users\celia\Desktop\h22_added\h22_transfer_package_20260523_152155\h22_transfer_package_20260523\outputs_h22_nn_tasks_20260523\nn_seed_predictions\PARTIAL_MALL\h22\NN2\CSCO\seed_51.csv
PARTIAL_MALL,22,NN2,NN2_single_best,DIS,82,5.03518781023898e-10,833,C:\Users\celia\Desktop\h22_added\h22_transfer_package_20260523_152155\h22_transfer_package_20260523\outputs_h22_nn_tasks_20260523\nn_seed_predictions\PARTIAL_MALL\h22\NN2\DIS\seed_82.csv
PARTIAL_MALL,22,NN2,NN2_single_best,GE,67,5.331783998596363e-10,837,C:\Users\celia\Desktop\h22_added\h22_transfer_package_20260523_152155\h22_transfer_package_20260523\outputs_h22_nn_tasks_20260523\nn_seed_predictions\PARTIAL_MALL\h22\NN2\GE\seed_67.csv
PARTIAL_MALL,22,NN2,NN2_single_best,GS,73,2.32074289192388e-09,818,C:\Users\celia\Desktop\h22_added\h22_transfer_package_20260523_152155\h22_transfer_package_20260523\outputs_h22_nn_tasks_20260523\nn_seed_predictions\PARTIAL_MALL\h22\NN2\GS\seed_73.csv
PARTIAL_MALL,22,NN2,NN2_single_best,HD,56,4.786048687710172e-10,833,C:\Users\celia\Desktop\h22_added\h22_transfer_package_20260523_152155\h22_transfer_package_20260523\outputs_h22_nn_tasks_20260523\nn_seed_predictions\PARTIAL_MALL\h22\NN2\HD\seed_56.csv
PARTIAL_MALL,22,NN2,NN2_single_best,IBM,53,2.629228423461147e-10,838,C:\Users\celia\Desktop\h22_added\h22_transfer_package_20260523_152155\h22_transfer_package_20260523\outputs_h22_nn_tasks_20260523\nn_seed_predictions\PARTIAL_MALL\h22\NN2\IBM\seed_53.csv
PARTIAL_MALL,22,NN2,NN2_single_best,INTC,51,1.1550527077721463e-09,836,C:\Users\celia\Desktop\h22_added\h22_transfer_package_20260523_152155\h22_transfer_package_20260523\outputs_h22_nn_tasks_20260523\nn_seed_predictions\PARTIAL_MALL\h22\NN2\INTC\seed_51.csv
PARTIAL_MALL,22,NN2,NN2_single_best,JNJ,84,3.755118262254259e-10,825,C:\Users\celia\Desktop\h22_added\h22_transfer_package_20260523_152155\h22_transfer_package_20260523\outputs_h22_nn_tasks_20260523\nn_seed_predictions\PARTIAL_MALL\h22\NN2\JNJ\seed_84.csv
PARTIAL_MALL,22,NN2,NN2_single_best,JPM,43,1.1687816285191908e-09,837,C:\Users\celia\Desktop\h22_added\h22_transfer_package_20260523_152155\h22_transfer_package_20260523\outputs_h22_nn_tasks_20260523\nn_seed_predictions\PARTIAL_MALL\h22\NN2\JPM\seed_43.csv
PARTIAL_MALL,22,NN2,NN2_single_best,KO,67,5.292433462853713e-10,822,C:\Users\celia\Desktop\h22_added\h22_transfer_package_20260523_152155\h22_transfer_package_20260523\outputs_h22_nn_tasks_20260523\nn_seed_predictions\PARTIAL_MALL\h22\NN2\KO\seed_67.csv
PARTIAL_MALL,22,NN2,NN2_single_best,MCD,67,1.4357560544604507e-10,830,C:\Users\celia\Desktop\h22_added\h22_transfer_package_20260523_152155\h22_transfer_package_20260523\outputs_h22_nn_tasks_20260523\nn_seed_predictions\PARTIAL_MALL\h22\NN2\MCD\seed_67.csv
PARTIAL_MALL,22,NN2,NN2_single_best,MMM,84,3.345137829901065e-10,827,C:\Users\celia\Desktop\h22_added\h22_transfer_package_20260523_152155\h22_transfer_package_20260523\outputs_h22_nn_tasks_20260523\nn_seed_predictions\PARTIAL_MALL\h22\NN2\MMM\seed_84.csv
PARTIAL_MALL,22,NN2,NN2_single_best,MRK,51,1.0823038010857823e-09,830,C:\Users\celia\Desktop\h22_added\h22_transfer_package_20260523_152155\h22_transfer_package_20260523\outputs_h22_nn_tasks_20260523\nn_seed_predictions\PARTIAL_MALL\h22\NN2\MRK\seed_51.csv
PARTIAL_MALL,22,NN2,NN2_single_best,MSFT,78,1.1344217287428775e-09,838,C:\Users\celia\Desktop\h22_added\h22_transfer_package_20260523_152155\h22_transfer_package_20260523\outputs_h22_nn_tasks_20260523\nn_seed_predictions\PARTIAL_MALL\h22\NN2\MSFT\seed_78.csv
PARTIAL_MALL,22,NN2,NN2_single_best,NKE,50,5.653722446414485e-10,799,C:\Users\celia\Desktop\h22_added\h22_transfer_package_20260523_152155\h22_transfer_package_20260523\outputs_h22_nn_tasks_20260523\nn_seed_predictions\PARTIAL_MALL\h22\NN2\NKE\seed_50.csv
PARTIAL_MALL,22,NN2,NN2_single_best,PFE,66,1.55460201866057e-09,827,C:\Users\celia\Desktop\h22_added\h22_transfer_package_20260523_152155\h22_transfer_package_20260523\outputs_h22_nn_tasks_20260523\nn_seed_predictions\PARTIAL_MALL\h22\NN2\PFE\seed_66.csv
PARTIAL_MALL,22,NN2,NN2_single_best,PG,43,5.0305418244929e-10,831,C:\Users\celia\Desktop\h22_added\h22_transfer_package_20260523_152155\h22_transfer_package_20260523\outputs_h22_nn_tasks_20260523\nn_seed_predictions\PARTIAL_MALL\h22\NN2\PG\seed_43.csv
PARTIAL_MALL,22,NN2,NN2_single_best,UNH,50,1.265295030723535e-09,797,C:\Users\celia\Desktop\h22_added\h22_transfer_package_20260523_152155\h22_transfer_package_20260523\outputs_h22_nn_tasks_20260523\nn_seed_predictions\PARTIAL_MALL\h22\NN2\UNH\seed_50.csv
PARTIAL_MALL,22,NN2,NN2_single_best,VZ,43,5.582554016394065e-10,832,C:\Users\celia\Desktop\h22_added\h22_transfer_package_20260523_152155\h22_transfer_package_20260523\outputs_h22_nn_tasks_20260523\nn_seed_predictions\PARTIAL_MALL\h22\NN2\VZ\seed_43.csv
PARTIAL_MALL,22,NN2,NN2_single_best,WMT,66,2.697248481839962e-10,831,C:\Users\celia\Desktop\h22_added\h22_transfer_package_20260523_152155\h22_transfer_package_20260523\outputs_h22_nn_tasks_20260523\nn_seed_predictions\PARTIAL_MALL\h22\NN2\WMT\seed_66.csv
PARTIAL_MALL,22,NN2,NN2_single_best,XOM,82,2.531963020793041e-10,833,C:\Users\celia\Desktop\h22_added\h22_transfer_package_20260523_152155\h22_transfer_package_20260523\outputs_h22_nn_tasks_20260523\nn_seed_predictions\PARTIAL_MALL\h22\NN2\XOM\seed_82.csv
PARTIAL_MALL,22,NN3,NN3_single_best,AAPL,66,4.216799650699075e-09,838,C:\Users\celia\Desktop\h22_added\h22_transfer_package_20260523_152155\h22_transfer_package_20260523\outputs_h22_nn_tasks_20260523\nn_seed_predictions\PARTIAL_MALL\h22\NN3\AAPL\seed_66.csv
PARTIAL_MALL,22,NN3,NN3_single_best,AXP,91,7.90346511247916e-10,833,C:\Users\celia\Desktop\h22_added\h22_transfer_package_20260523_152155\h22_transfer_package_20260523\outputs_h22_nn_tasks_20260523\nn_seed_predictions\PARTIAL_MALL\h22\NN3\AXP\seed_91.csv
PARTIAL_MALL,22,NN3,NN3_single_best,BA,66,1.849877746885693e-09,832,C:\Users\celia\Desktop\h22_added\h22_transfer_package_20260523_152155\h22_transfer_package_20260523\outputs_h22_nn_tasks_20260523\nn_seed_predictions\PARTIAL_MALL\h22\NN3\BA\seed_66.csv
PARTIAL_MALL,22,NN3,NN3_single_best,CAT,44,7.4431037553503e-10,823,C:\Users\celia\Desktop\h22_added\h22_transfer_package_20260523_152155\h22_transfer_package_20260523\outputs_h22_nn_tasks_20260523\nn_seed_predictions\PARTIAL_MALL\h22\NN3\CAT\seed_44.csv
PARTIAL_MALL,22,NN3,NN3_single_best,CSCO,51,6.711648969940169e-10,838,C:\Users\celia\Desktop\h22_added\h22_transfer_package_20260523_152155\h22_transfer_package_20260523\outputs_h22_nn_tasks_20260523\nn_seed_predictions\PARTIAL_MALL\h22\NN3\CSCO\seed_51.csv
PARTIAL_MALL,22,NN3,NN3_single_best,DIS,67,4.724021549126847e-10,833,C:\Users\celia\Desktop\h22_added\h22_transfer_package_20260523_152155\h22_transfer_package_20260523\outputs_h22_nn_tasks_20260523\nn_seed_predictions\PARTIAL_MALL\h22\NN3\DIS\seed_67.csv
PARTIAL_MALL,22,NN3,NN3_single_best,GE,66,5.009776906727918e-10,837,C:\Users\celia\Desktop\h22_added\h22_transfer_package_20260523_152155\h22_transfer_package_20260523\outputs_h22_nn_tasks_20260523\nn_seed_predictions\PARTIAL_MALL\h22\NN3\GE\seed_66.csv
PARTIAL_MALL,22,NN3,NN3_single_best,GS,77,2.332801843979013e-09,818,C:\Users\celia\Desktop\h22_added\h22_transfer_package_20260523_152155\h22_transfer_package_20260523\outputs_h22_nn_tasks_20260523\nn_seed_predictions\PARTIAL_MALL\h22\NN3\GS\seed_77.csv
PARTIAL_MALL,22,NN3,NN3_single_best,HD,64,4.690830964553234e-10,833,C:\Users\celia\Desktop\h22_added\h22_transfer_package_20260523_152155\h22_transfer_package_20260523\outputs_h22_nn_tasks_20260523\nn_seed_predictions\PARTIAL_MALL\h22\NN3\HD\seed_64.csv
PARTIAL_MALL,22,NN3,NN3_single_best,IBM,48,2.5368061121788467e-10,838,C:\Users\celia\Desktop\h22_added\h22_transfer_package_20260523_152155\h22_transfer_package_20260523\outputs_h22_nn_tasks_20260523\nn_seed_predictions\PARTIAL_MALL\h22\NN3\IBM\seed_48.csv
PARTIAL_MALL,22,NN3,NN3_single_best,INTC,67,9.92247392164623e-10,836,C:\Users\celia\Desktop\h22_added\h22_transfer_package_20260523_152155\h22_transfer_package_20260523\outputs_h22_nn_tasks_20260523\nn_seed_predictions\PARTIAL_MALL\h22\NN3\INTC\seed_67.csv
PARTIAL_MALL,22,NN3,NN3_single_best,JNJ,54,3.8539392386906136e-10,825,C:\Users\celia\Desktop\h22_added\h22_transfer_package_20260523_152155\h22_transfer_package_20260523\outputs_h22_nn_tasks_20260523\nn_seed_predictions\PARTIAL_MALL\h22\NN3\JNJ\seed_54.csv
PARTIAL_MALL,22,NN3,NN3_single_best,JPM,86,1.1814155132161139e-09,837,C:\Users\celia\Desktop\h22_added\h22_transfer_package_20260523_152155\h22_transfer_package_20260523\outputs_h22_nn_tasks_20260523\nn_seed_predictions\PARTIAL_MALL\h22\NN3\JPM\seed_86.csv
PARTIAL_MALL,22,NN3,NN3_single_best,KO,66,5.235301104029558e-10,822,C:\Users\celia\Desktop\h22_added\h22_transfer_package_20260523_152155\h22_transfer_package_20260523\outputs_h22_nn_tasks_20260523\nn_seed_predictions\PARTIAL_MALL\h22\NN3\KO\seed_66.csv
PARTIAL_MALL,22,NN3,NN3_single_best,MCD,67,1.2561300122739039e-10,830,C:\Users\celia\Desktop\h22_added\h22_transfer_package_20260523_152155\h22_transfer_package_20260523\outputs_h22_nn_tasks_20260523\nn_seed_predictions\PARTIAL_MALL\h22\NN3\MCD\seed_67.csv
PARTIAL_MALL,22,NN3,NN3_single_best,MMM,44,3.41500929731289e-10,827,C:\Users\celia\Desktop\h22_added\h22_transfer_package_20260523_152155\h22_transfer_package_20260523\outputs_h22_nn_tasks_20260523\nn_seed_predictions\PARTIAL_MALL\h22\NN3\MMM\seed_44.csv
PARTIAL_MALL,22,NN3,NN3_single_best,MRK,63,1.0678356688626344e-09,830,C:\Users\celia\Desktop\h22_added\h22_transfer_package_20260523_152155\h22_transfer_package_20260523\outputs_h22_nn_tasks_20260523\nn_seed_predictions\PARTIAL_MALL\h22\NN3\MRK\seed_63.csv
PARTIAL_MALL,22,NN3,NN3_single_best,MSFT,80,1.123346766440634e-09,838,C:\Users\celia\Desktop\h22_added\h22_transfer_package_20260523_152155\h22_transfer_package_20260523\outputs_h22_nn_tasks_20260523\nn_seed_predictions\PARTIAL_MALL\h22\NN3\MSFT\seed_80.csv
PARTIAL_MALL,22,NN3,NN3_single_best,NKE,67,4.787931323240447e-10,799,C:\Users\celia\Desktop\h22_added\h22_transfer_package_20260523_152155\h22_transfer_package_20260523\outputs_h22_nn_tasks_20260523\nn_seed_predictions\PARTIAL_MALL\h22\NN3\NKE\seed_67.csv
PARTIAL_MALL,22,NN3,NN3_single_best,PFE,75,1.5737772040719803e-09,827,C:\Users\celia\Desktop\h22_added\h22_transfer_package_20260523_152155\h22_transfer_package_20260523\outputs_h22_nn_tasks_20260523\nn_seed_predictions\PARTIAL_MALL\h22\NN3\PFE\seed_75.csv
PARTIAL_MALL,22,NN3,NN3_single_best,PG,73,5.007281388472378e-10,831,C:\Users\celia\Desktop\h22_added\h22_transfer_package_20260523_152155\h22_transfer_package_20260523\outputs_h22_nn_tasks_20260523\nn_seed_predictions\PARTIAL_MALL\h22\NN3\PG\seed_73.csv
PARTIAL_MALL,22,NN3,NN3_single_best,UNH,66,1.1576831697703783e-09,797,C:\Users\celia\Desktop\h22_added\h22_transfer_package_20260523_152155\h22_transfer_package_20260523\outputs_h22_nn_tasks_20260523\nn_seed_predictions\PARTIAL_MALL\h22\NN3\UNH\seed_66.csv
PARTIAL_MALL,22,NN3,NN3_single_best,VZ,66,5.794899472544141e-10,832,C:\Users\celia\Desktop\h22_added\h22_transfer_package_20260523_152155\h22_transfer_package_20260523\outputs_h22_nn_tasks_20260523\nn_seed_predictions\PARTIAL_MALL\h22\NN3\VZ\seed_66.csv
PARTIAL_MALL,22,NN3,NN3_single_best,WMT,77,2.5676752169899584e-10,831,C:\Users\celia\Desktop\h22_added\h22_transfer_package_20260523_152155\h22_transfer_package_20260523\outputs_h22_nn_tasks_20260523\nn_seed_predictions\PARTIAL_MALL\h22\NN3\WMT\seed_77.csv
PARTIAL_MALL,22,NN3,NN3_single_best,XOM,80,2.477516113494425e-10,833,C:\Users\celia\Desktop\h22_added\h22_transfer_package_20260523_152155\h22_transfer_package_20260523\outputs_h22_nn_tasks_20260523\nn_seed_predictions\PARTIAL_MALL\h22\NN3\XOM\seed_80.csv
PARTIAL_MALL,22,NN4,NN4_single_best,AAPL,90,4.330415603860007e-09,838,C:\Users\celia\Desktop\h22_added\h22_transfer_package_20260523_152155\h22_transfer_package_20260523\outputs_h22_nn_tasks_20260523\nn_seed_predictions\PARTIAL_MALL\h22\NN4\AAPL\seed_90.csv
PARTIAL_MALL,22,NN4,NN4_single_best,AXP,88,7.847850297490782e-10,833,C:\Users\celia\Desktop\h22_added\h22_transfer_package_20260523_152155\h22_transfer_package_20260523\outputs_h22_nn_tasks_20260523\nn_seed_predictions\PARTIAL_MALL\h22\NN4\AXP\seed_88.csv
PARTIAL_MALL,22,NN4,NN4_single_best,BA,83,1.895742889569537e-09,832,C:\Users\celia\Desktop\h22_added\h22_transfer_package_20260523_152155\h22_transfer_package_20260523\outputs_h22_nn_tasks_20260523\nn_seed_predictions\PARTIAL_MALL\h22\NN4\BA\seed_83.csv
PARTIAL_MALL,22,NN4,NN4_single_best,CAT,71,7.563823036032267e-10,823,C:\Users\celia\Desktop\h22_added\h22_transfer_package_20260523_152155\h22_transfer_package_20260523\outputs_h22_nn_tasks_20260523\nn_seed_predictions\PARTIAL_MALL\h22\NN4\CAT\seed_71.csv
PARTIAL_MALL,22,NN4,NN4_single_best,CSCO,60,6.694696520502842e-10,838,C:\Users\celia\Desktop\h22_added\h22_transfer_package_20260523_152155\h22_transfer_package_20260523\outputs_h22_nn_tasks_20260523\nn_seed_predictions\PARTIAL_MALL\h22\NN4\CSCO\seed_60.csv
PARTIAL_MALL,22,NN4,NN4_single_best,DIS,53,5.008790684930865e-10,833,C:\Users\celia\Desktop\h22_added\h22_transfer_package_20260523_152155\h22_transfer_package_20260523\outputs_h22_nn_tasks_20260523\nn_seed_predictions\PARTIAL_MALL\h22\NN4\DIS\seed_53.csv
PARTIAL_MALL,22,NN4,NN4_single_best,GE,49,5.345788139587478e-10,837,C:\Users\celia\Desktop\h22_added\h22_transfer_package_20260523_152155\h22_transfer_package_20260523\outputs_h22_nn_tasks_20260523\nn_seed_predictions\PARTIAL_MALL\h22\NN4\GE\seed_49.csv
PARTIAL_MALL,22,NN4,NN4_single_best,GS,51,2.331109887707537e-09,818,C:\Users\celia\Desktop\h22_added\h22_transfer_package_20260523_152155\h22_transfer_package_20260523\outputs_h22_nn_tasks_20260523\nn_seed_predictions\PARTIAL_MALL\h22\NN4\GS\seed_51.csv
PARTIAL_MALL,22,NN4,NN4_single_best,HD,68,4.787960705541697e-10,833,C:\Users\celia\Desktop\h22_added\h22_transfer_package_20260523_152155\h22_transfer_package_20260523\outputs_h22_nn_tasks_20260523\nn_seed_predictions\PARTIAL_MALL\h22\NN4\HD\seed_68.csv
PARTIAL_MALL,22,NN4,NN4_single_best,IBM,84,2.484256120471821e-10,838,C:\Users\celia\Desktop\h22_added\h22_transfer_package_20260523_152155\h22_transfer_package_20260523\outputs_h22_nn_tasks_20260523\nn_seed_predictions\PARTIAL_MALL\h22\NN4\IBM\seed_84.csv
PARTIAL_MALL,22,NN4,NN4_single_best,INTC,53,9.93824491430245e-10,836,C:\Users\celia\Desktop\h22_added\h22_transfer_package_20260523_152155\h22_transfer_package_20260523\outputs_h22_nn_tasks_20260523\nn_seed_predictions\PARTIAL_MALL\h22\NN4\INTC\seed_53.csv
PARTIAL_MALL,22,NN4,NN4_single_best,JNJ,81,3.8757537554194376e-10,825,C:\Users\celia\Desktop\h22_added\h22_transfer_package_20260523_152155\h22_transfer_package_20260523\outputs_h22_nn_tasks_20260523\nn_seed_predictions\PARTIAL_MALL\h22\NN4\JNJ\seed_81.csv
PARTIAL_MALL,22,NN4,NN4_single_best,JPM,90,1.183127890291542e-09,837,C:\Users\celia\Desktop\h22_added\h22_transfer_package_20260523_152155\h22_transfer_package_20260523\outputs_h22_nn_tasks_20260523\nn_seed_predictions\PARTIAL_MALL\h22\NN4\JPM\seed_90.csv
PARTIAL_MALL,22,NN4,NN4_single_best,KO,70,5.66477305838584e-10,822,C:\Users\celia\Desktop\h22_added\h22_transfer_package_20260523_152155\h22_transfer_package_20260523\outputs_h22_nn_tasks_20260523\nn_seed_predictions\PARTIAL_MALL\h22\NN4\KO\seed_70.csv
PARTIAL_MALL,22,NN4,NN4_single_best,MCD,69,1.2776064545735758e-10,830,C:\Users\celia\Desktop\h22_added\h22_transfer_package_20260523_152155\h22_transfer_package_20260523\outputs_h22_nn_tasks_20260523\nn_seed_predictions\PARTIAL_MALL\h22\NN4\MCD\seed_69.csv
PARTIAL_MALL,22,NN4,NN4_single_best,MMM,57,3.313883010014374e-10,827,C:\Users\celia\Desktop\h22_added\h22_transfer_package_20260523_152155\h22_transfer_package_20260523\outputs_h22_nn_tasks_20260523\nn_seed_predictions\PARTIAL_MALL\h22\NN4\MMM\seed_57.csv
PARTIAL_MALL,22,NN4,NN4_single_best,MRK,91,1.0892340105017535e-09,830,C:\Users\celia\Desktop\h22_added\h22_transfer_package_20260523_152155\h22_transfer_package_20260523\outputs_h22_nn_tasks_20260523\nn_seed_predictions\PARTIAL_MALL\h22\NN4\MRK\seed_91.csv
PARTIAL_MALL,22,NN4,NN4_single_best,MSFT,88,1.1274729073281394e-09,838,C:\Users\celia\Desktop\h22_added\h22_transfer_package_20260523_152155\h22_transfer_package_20260523\outputs_h22_nn_tasks_20260523\nn_seed_predictions\PARTIAL_MALL\h22\NN4\MSFT\seed_88.csv
PARTIAL_MALL,22,NN4,NN4_single_best,NKE,65,5.005677766049598e-10,799,C:\Users\celia\Desktop\h22_added\h22_transfer_package_20260523_152155\h22_transfer_package_20260523\outputs_h22_nn_tasks_20260523\nn_seed_predictions\PARTIAL_MALL\h22\NN4\NKE\seed_65.csv
PARTIAL_MALL,22,NN4,NN4_single_best,PFE,75,1.601619383588405e-09,827,C:\Users\celia\Desktop\h22_added\h22_transfer_package_20260523_152155\h22_transfer_package_20260523\outputs_h22_nn_tasks_20260523\nn_seed_predictions\PARTIAL_MALL\h22\NN4\PFE\seed_75.csv
PARTIAL_MALL,22,NN4,NN4_single_best,PG,64,4.971471825233433e-10,831,C:\Users\celia\Desktop\h22_added\h22_transfer_package_20260523_152155\h22_transfer_package_20260523\outputs_h22_nn_tasks_20260523\nn_seed_predictions\PARTIAL_MALL\h22\NN4\PG\seed_64.csv
PARTIAL_MALL,22,NN4,NN4_single_best,UNH,42,1.2326673834091926e-09,797,C:\Users\celia\Desktop\h22_added\h22_transfer_package_20260523_152155\h22_transfer_package_20260523\outputs_h22_nn_tasks_20260523\nn_seed_predictions\PARTIAL_MALL\h22\NN4\UNH\seed_42.csv
PARTIAL_MALL,22,NN4,NN4_single_best,VZ,43,5.934049533962226e-10,832,C:\Users\celia\Desktop\h22_added\h22_transfer_package_20260523_152155\h22_transfer_package_20260523\outputs_h22_nn_tasks_20260523\nn_seed_predictions\PARTIAL_MALL\h22\NN4\VZ\seed_43.csv
PARTIAL_MALL,22,NN4,NN4_single_best,WMT,71,2.7563282300136737e-10,831,C:\Users\celia\Desktop\h22_added\h22_transfer_package_20260523_152155\h22_transfer_package_20260523\outputs_h22_nn_tasks_20260523\nn_seed_predictions\PARTIAL_MALL\h22\NN4\WMT\seed_71.csv
PARTIAL_MALL,22,NN4,NN4_single_best,XOM,80,2.452174505118839e-10,833,C:\Users\celia\Desktop\h22_added\h22_transfer_package_20260523_152155\h22_transfer_package_20260523\outputs_h22_nn_tasks_20260523\nn_seed_predictions\PARTIAL_MALL\h22\NN4\XOM\seed_80.csv
