dataset,benchmark_row,HAR,HARX,LogHAR,LevHAR,SHAR,HARQ,Ridge,Lasso,ElasticNet,AdaptiveLasso,PostLasso,Bagging,RandomForest,GradientBoosting,NN1_1,NN1,NN2_1,NN2,NN3_1,NN3,NN4_1,NN4
MHAR,HAR,1.0,1.0,0.9744013332477615,0.863064781178507,0.9586585848124488,0.9490108246699609,1.0013370973153173,1.0294025720685804,1.026375859049692,1.0350297803452972,1.0023177525425864,0.9807448256942721,0.9820165728313296,1.014957931237508,1.0493552201436842,1.0595932694424712,1.035623154325473,1.0624113672564155,1.056642563487668,1.0630056225713276,1.0816447478857203,1.0918447541817151
MHAR,HARX,1.0,1.0,0.9744013332477615,0.863064781178507,0.9586585848124488,0.9490108246699609,1.0013370973153173,1.0294025720685804,1.026375859049692,1.0350297803452972,1.0023177525425864,0.9807448256942721,0.9820165728313296,1.014957931237508,1.0493552201436842,1.0595932694424712,1.035623154325473,1.0624113672564155,1.056642563487668,1.0630056225713276,1.0816447478857203,1.0918447541817151
MHAR,LogHAR,1.0267145158981805,1.0267145158981805,1.0,0.8862731050201981,0.9842194111140963,0.9740520701939152,1.028091856619267,1.0569356341296983,1.0538439060242843,1.0626918854996312,1.0290862961878449,1.0065460309424343,1.0078436275591676,1.04180798750774,1.0767712221668553,1.0876080581712444,1.0629194724050723,1.0903080338746383,1.0844249700238593,1.090847001849397,1.1101298673751068,1.1205742595079358
MHAR,LevHAR,1.1662727429122894,1.1662727429122894,1.1366056382464285,1.0,1.1170614442306321,1.1059277282591258,1.167846927962996,1.2006091080618249,1.1971682108233732,1.2071824835739273,1.1691267802137566,1.1436455254689413,1.145271189714167,1.184042848963078,1.2245538190271694,1.2367008218221636,1.2081058935714202,1.2397480496365985,1.2320079353232658,1.2404602846186596,1.2616289558414082,1.274292863890191
MHAR,SHAR,1.0445927150051064,1.0445927150051064,1.0177964727334778,0.9007429905992937,1.0,0.9912086878508158,1.0460192016614223,1.0750067486892605,1.071918091881064,1.080897873958146,1.0470354549328733,1.0243544639954112,1.0257431563701105,1.0598095442809583,1.0957974853504404,1.106461557201949,1.0814992821027367,1.1094508725524304,1.1037255242963768,1.1102770785611233,1.1297566350050263,1.1404607386633123
MHAR,HARQ,1.0543876957861418,1.0543876957861418,1.0270707730100737,0.9092714678616395,1.010663756929651,1.0,1.0558422856690004,1.0854429123677276,1.0822743844089175,1.0914091609230363,1.056861310381275,1.0337561578387224,1.0351050175898695,1.0700700496803182,1.1060068667736922,1.1170754234425146,1.0916806187465078,1.1198630965600496,1.1135094712772464,1.120548737681094,1.1399040790314763,1.1510150562498418
MHAR,Ridge,0.9987079254469026,0.9987079254469026,0.97314571216472,0.8619582684217856,0.9574469899464855,0.9478235069358933,1.0,1.0281321441639666,1.02511293188388,1.0337699283987143,1.0010005152233392,0.9794631413814588,0.9807382081659023,1.013660825058696,1.0479997496487683,1.0582681579293862,1.034313212378675,1.0611073254052839,1.0553214338282937,1.0616018181648503,1.0803214918155566,1.0904168994988186
MHAR,Lasso,0.9722017972367506,0.9722017972367506,0.9473357851611537,0.839118390002757,0.9317813966821048,0.9226766980434468,0.9735536581595935,1.0,0.9971172969326865,1.0054098381303318,0.974482018113936,0.9534787152812476,0.9546898978898726,0.9858913832206081,1.019926050517054,1.0301322652697296,1.006789286347035,1.0327723004141018,1.0269538630398076,1.0332920143721829,1.051627259252948,1.0614557957096822
MHAR,ElasticNet,0.9750065657853852,0.9750065657853852,0.9500822696515465,0.8415829954953441,0.9345338974378984,0.925360337861031,0.9763651857916291,1.002940244615399,1.0,1.0083580704547181,0.9773057663495922,0.9562382755994874,0.9574481434628681,0.9888257324898607,1.0229560547428251,1.0331171199346152,1.0096807524638132,1.0357813983103286,1.0299942634607229,1.0362948656075022,1.0546680266451731,1.0645793138011141
MHAR,AdaptiveLasso,0.967128182523187,0.967128182523187,0.9423738446527178,0.8347415935974987,0.9269297873995563,0.9178870187817998,0.9684896490973806,0.9947269840850865,0.9918522233801518,1.0,0.9694058449530563,0.9484365307622339,0.9496499168770195,0.9806503111989544,1.0145201371673909,1.0246780452366666,1.001427956799296,1.0272861359504801,1.021565633326893,1.0277799680245674,1.046147747471326,1.0558603311024817
MHAR,PostLasso,0.9977123420143514,0.9977123420143514,0.9721642722536946,0.8612012741737114,0.9564864904217524,0.9468648974377923,0.9990243497804705,1.027081349961173,1.0240754681712771,1.0327059151034206,1.0,0.9784989404857843,0.9797677761256175,1.0126349606325962,1.0468915370308274,1.0571380317179235,1.0332326067362994,1.0599644680978,1.0542281170845942,1.0605217933954885,1.0791853379334868,1.0892831032842372
MHAR,Bagging,1.020168644156694,1.020168644156694,0.9936606014226897,0.8803313132950674,0.977871979124955,0.9678412593277712,1.0215187798097471,1.0501643961544087,1.0470870260996827,1.0558303771345257,1.0225311810397488,1.0,1.0013381059823008,1.0350770878922595,1.069917030740828,1.0806515563765664,1.0561576383161169,1.0833917217967113,1.0774528013380078,1.0838355036595986,1.103116100766321,1.1134604805618737
MHAR,RandomForest,1.0188037487104256,1.0188037487104256,0.9923232582952858,0.8792719429750475,0.9766279272437807,0.9665533743123705,1.02015698865884,1.0487310833903205,1.0456522373803203,1.0543988308989112,1.0211634603326742,0.9987031344259744,1.0,1.0336702200653947,1.0684845880239018,1.0792435049849538,1.054761558580592,1.0819247830089112,1.0760574810548684,1.0823935564727571,1.1016791035178852,1.1120007471819877
MHAR,GradientBoosting,0.9866783225192747,0.9866783225192747,0.9611686199861396,0.8517623187923978,0.9455603310529612,0.9362741475134296,0.988011052527187,1.014818121622824,1.0119278459984207,1.0202633459110535,0.9889649698651048,0.9673452106257711,0.9685779455891574,1.0,1.0346333362184572,1.045325894145013,1.0214538210615742,1.047777377206039,1.0420475172718124,1.0482488366617682,1.0673123445968127,1.0769834497108128
MHAR,NN1_1,0.9544922246533137,0.9544922246533137,0.9295312495277102,0.8242554643932882,0.9147590024264484,0.9054763452623394,0.9557710201898365,0.9823258340821387,0.9795222131962587,0.9876140822731426,0.956650684460127,0.9355940062532775,0.9368070555117894,0.9680825425345664,1.0,1.0103350741764052,0.9874209965643785,1.0127801679488138,1.0073897102149665,1.013304102898011,1.0312616695128707,1.040916590690977
MHAR,NN1,0.944880601052202,0.944880601052202,0.9204446727878832,0.8160530154312915,0.9055134450654998,0.8965822479390014,0.9461812038887277,0.9726741351359717,0.9698266251464495,0.9779161036376374,0.9470422627859211,0.9264145669675742,0.9276486463826705,0.9588796177562662,0.990484929823857,1.0,0.9775414560174913,1.0027092046600252,0.9977115253364975,1.0034849020293435,1.0208673953842797,1.030581615530296
MHAR,NN2_1,0.9670683148231061,0.9670683148231061,0.9419810955550922,0.8348285611964325,0.9268630542374083,0.9175326341699562,0.9683873042219859,0.9954704649790469,0.9925346058309582,1.00080579021791,0.9692892589701071,0.9481285038940704,0.9493728696906827,0.9811828724256167,1.0136917161259449,1.0236669705184418,1.0,1.026108038718193,1.0210052739195214,1.0269354313540484,1.0450101425822604,1.0547713320473928
MHAR,NN2,0.9426532782559321,0.9426532782559321,0.9181234782476649,0.8140031639548957,0.9034316267002833,0.8943311906688826,0.9439729166877641,0.9702812365636586,0.9674555856447172,0.9754909137921451,0.9448248062220976,0.9241253956373238,0.925311940785788,0.9563293892550052,0.9879324759167721,0.9977057595900527,0.9749867401149404,1.0,0.9951859825023938,1.0009759046048456,1.018409737294648,1.0280781603384583
MHAR,NN3_1,0.9479045408108508,0.9479045408108508,0.9232674122505573,0.8178596666488928,0.9086661732613811,0.8990867236345983,0.9492147770393896,0.9754611592214666,0.9726680434307443,0.980764923103976,0.9501059271856799,0.9292313655834509,0.93047456811009,0.9615876686903786,0.9935408171883732,1.0037063426891868,0.9808560584525501,1.0061796031284542,1.0,1.0066079299442232,1.023772212397665,1.033869533731781
MHAR,NN3,0.941946106445657,0.941946106445657,0.9173694453775302,0.813419347867841,0.9029268925246849,0.8936952623999923,0.9431802670230823,0.9695060123054214,0.966677997257667,0.974692414369414,0.9440838793429944,0.9232955123227932,0.9244997784954971,0.9555041841190045,0.9871435520602571,0.9971715719488418,0.9744950879907942,0.9996634129264672,0.9942902143918524,1.0,1.0178433011438082,1.0272996040227742
MHAR,NN4_1,0.926718570240235,0.926718570240235,0.9026515657751248,0.7998916861396843,0.88826121195706,0.8790225539022769,0.9280241096439261,0.9540010950326951,0.9512011006149108,0.9592218198867554,0.9288810579174376,0.9085820386207759,0.9097893188736539,0.9406363482357434,0.9713463473801803,0.980823750068978,0.9587663036110069,0.9833621283505249,0.9777335580562777,0.9841055190872278,1.0,1.0103987921361879
MHAR,NN4,0.9171372186571195,0.9171372186571195,0.8933096745504792,0.7921184560967315,0.8791684905316246,0.8702092088147448,0.9183499926676797,0.9440924118381868,0.9413724287949014,0.949202089875256,0.9192092273059225,0.8991510947090007,0.9003415897522379,0.9305949454088579,0.9612473478665209,0.9707739392134808,0.9487920325423019,0.9732731007307035,0.9680543836193114,0.9738129161100406,0.9906119560740191,1.0
PARTIAL_MALL,HAR,1.0,0.9421689572070424,0.9592971584712942,0.8656083295792959,0.9124581349491223,0.9266843902432956,0.9435173924826536,0.993037663147018,0.9871275518297493,0.993207777805522,0.9730475939206243,0.955210963582093,0.9569422809164085,0.9899452934921937,1.0727820532739227,1.07338648417569,1.099836204680537,1.105989246770524,1.0942849089750148,1.1020153759157854,1.107237155802271,1.1141331046846024
PARTIAL_MALL,HARX,1.062895597401593,1.0,1.0197742766980484,0.9193599534134433,0.9686680643169039,0.984056351240352,1.0014404524194511,1.0545319907775401,1.0482693046113474,1.0546711191053808,1.032158099094184,1.0154474369621878,1.0172953859688731,1.05187755913055,1.1403927142097567,1.1407345892310627,1.1691119806803618,1.1757666377558709,1.1633044608324794,1.1715238385188413,1.1767844760368775,1.184342081114275
PARTIAL_MALL,LogHAR,1.042928743631182,0.9827732091178142,1.0,0.9029865571501832,0.9517347916156002,0.9663999917709714,0.9841380328465742,1.035968884981457,1.0297810277153479,1.0362040295099895,1.0153435120485732,0.9957434618883454,0.997540986389588,1.0319082004145077,1.1181753392620386,1.1189550392783794,1.146714509330541,1.1529449262116345,1.140922908804297,1.1489331164218333,1.1543078523861268,1.1615616312119892
PARTIAL_MALL,LevHAR,1.160003594166993,1.0922887879939278,1.113028903709153,1.0,1.057325618233478,1.0744438458703502,1.0937708697335764,1.1517618391999678,1.1451803851035727,1.1517540992172624,1.1286867091825195,1.108260103523528,1.1103408233355074,1.1484350226282805,1.2445717843095538,1.2465238007874893,1.2768614372916545,1.284075190132172,1.269961357151705,1.2792362550421605,1.2852709486719498,1.2934165130195996
PARTIAL_MALL,SHAR,1.0981507804635642,1.0333616117507125,1.0535637449483695,0.9493878038112302,1.0,1.0167722514951882,1.0348432385295463,1.0894151716251832,1.083000582638925,1.0892569424529626,1.0666458916163661,1.0491140405124493,1.0509925050355537,1.0867452170368028,1.1783720721543445,1.1789545985340308,1.2081901990391883,1.21481572562489,1.2017689902860647,1.210301400812531,1.2160294665736262,1.2236091098420971
PARTIAL_MALL,HARQ,1.08079030909719,1.0173504122791177,1.0367081380830372,0.9349657684338378,0.9853482767827245,1.0,1.0187921186198214,1.0725438133173684,1.0662442970506232,1.0725564651571817,1.0505459854486368,1.032322003937456,1.0341020464641963,1.0694343068640573,1.1593296071804546,1.1602585932920362,1.1890676686358568,1.1956471309807366,1.1830596338345012,1.1913742730147425,1.196723173677565,1.204453606509909
PARTIAL_MALL,Ridge,1.0613971066489456,0.9985997335204502,1.0182934374752697,0.9180134738879285,0.9673054467519434,0.9826566454673845,1.0,1.0530788247354694,1.046799786635517,1.0532859210834844,1.030743272034872,1.0139463223791372,1.0157968985804715,1.0502756378050047,1.1387252581794067,1.1391524095046086,1.1675460091988001,1.1741243101955254,1.1616731072590039,1.169907584659283,1.175145376836116,1.182711242573564
PARTIAL_MALL,Lasso,1.008626991082924,0.9494263226843086,0.9678314840606312,0.8728524037411569,0.919443856662154,0.9340351375214349,0.9508135519326298,1.0,0.9941982446641763,0.9998331709390554,0.9796536729249733,0.9637932287194161,0.9654632480534932,0.9983567570342606,1.0826910501816682,1.0825346152525535,1.1094807682159717,1.1159287373688256,1.1042432962314461,1.1118764927873446,1.1170939011137195,1.1241298143124372
PARTIAL_MALL,ElasticNet,1.014615009733296,0.9550770838472339,0.973554779295495,0.8782166978379441,0.9249603091653215,0.9396449648666666,0.9564473381578664,1.006076968226729,1.0,1.0060031147827018,0.9854431666190425,0.9694716785565598,0.9711541726460858,1.0042303145626523,1.0890382847438849,1.0888227575399236,1.1158152153284464,1.1223683292313795,1.1104977155752431,1.1182498224806985,1.123588356967676,1.130632968034798
PARTIAL_MALL,AdaptiveLasso,1.0099497233121786,0.9506226515868247,0.9691485995765323,0.8738195340745019,0.9203579637372781,0.9350928201631927,0.9520764216331483,1.0010037592262926,0.9952807704596757,1.0,0.9809704217075406,0.9651514341862537,0.9668294400667427,0.9998550493878119,1.0840330633705935,1.0839613857027066,1.110644910203913,1.1173694385063186,1.1056608255688851,1.1132547143952318,1.1185000950816146,1.1255744533544378
PARTIAL_MALL,PostLasso,1.031370311087631,0.9697914107084955,0.9898395653527977,0.8924262286377075,0.9394507876260529,0.9547086532626073,0.9712140766529199,1.0223523829266916,1.0162524666794042,1.0225302599426023,1.0,0.9857051929452918,0.987457552896725,1.0208653723779433,1.1074106617876425,1.1069296712663241,1.1348777244635857,1.1413533250673873,1.129342673680642,1.1371291977684423,1.142287754274921,1.1495671198500665
PARTIAL_MALL,Bagging,1.0475390232973452,0.9871309488834261,1.0044242091201978,0.906955336191008,0.9559742773189228,0.9706969163826286,0.9884765956037831,1.0406326116955196,1.0343992781014426,1.0409159664143501,1.0199095746956204,1.0,1.0018413516217428,1.036469785346989,1.123061563938904,1.1240600705085761,1.1520134813321745,1.1582005273712892,1.1461102376412027,1.1541806976691185,1.159477656952739,1.1668254234371385
PARTIAL_MALL,RandomForest,1.0456256224364588,0.9853389642222444,1.0025817663875225,0.9053678176455645,0.9542094015476142,0.9688317054656571,0.9866852527081013,1.0386473888163494,1.032427881999597,1.03893479870905,1.0180145982503988,0.9982018246314377,1.0,1.0345341823548453,1.1210517905179362,1.1219697398493171,1.1498519721689469,1.156036738394721,1.143986366880326,1.1520218474946369,1.1573562945870868,1.1646704954320457
PARTIAL_MALL,GradientBoosting,1.0114118523280973,0.9526462188989392,0.9697458072163634,0.8756664546165739,0.922591373458966,0.9368305905060121,0.9538996738870101,1.0042659823506193,0.9982429740074559,1.0046403577030012,0.9840897491135469,0.9656087935997555,0.9673206746309924,1.0,1.0840504015454884,1.0848276724500505,1.1116764297108137,1.1177004505242523,1.1060411984014638,1.1138317572778393,1.119054400422873,1.1261045969287076
PARTIAL_MALL,NN1_1,0.9351702140095014,0.8811842040533758,0.8965858089926994,0.8096074233071464,0.8535242840353794,0.8665361818408651,0.8823950314157645,0.9292922048320758,0.9236790062108152,0.9294491316474578,0.9108190356368744,0.8927285260000926,0.8943772911793053,0.9249340562237142,1.0,1.002125497979834,1.027304832354668,1.0324961816021432,1.0214465917307036,1.0292582021857912,1.0338033927734174,1.040603287424876
PARTIAL_MALL,NN1,0.9335232888991141,0.8794300193371518,0.8951313085706238,0.8089494202563554,0.8519730584450435,0.8652630947882984,0.8807059704526496,0.9269563933005847,0.9213194726258039,0.9271496309358613,0.9082658477145256,0.8914397907914957,0.8930278416857587,0.9234562009365596,0.999772478048121,1.0,1.0251072417642342,1.0308066139486631,1.0199100550946978,1.0272951069669392,1.0321767708667857,1.0386805443060176
PARTIAL_MALL,NN2_1,0.9117513655631378,0.8591035356115099,0.8743680466492093,0.7898530243002511,0.8322089358314152,0.8452093522918571,0.8603906144483404,0.9055622271369711,0.8999742145626003,0.9055199595964522,0.8876299422091779,0.8708056121056343,0.8723403710875324,0.9019981169298852,0.9769509511458533,0.9771330216658611,1.0,1.0062767416422407,0.9956971499464793,1.0027512788978086,1.007786638500223,1.0139076782434706
PARTIAL_MALL,NN2,0.9061333160961496,0.853882987479044,0.8688562730523725,0.7850506381402208,0.8269952926973733,0.8399440769140919,0.8551145555219922,0.900197879973156,0.8946724738655218,0.900390892865597,0.8822395366477366,0.8652746607336013,0.8668061500928063,0.8962821749893198,0.9703673235988609,0.9710515336079995,0.9944823288217428,1.0,0.9895130319885562,0.9966948337311824,1.0015306660375947,1.007703647449497
PARTIAL_MALL,NN3_1,0.9160235612621958,0.8631795692101819,0.8784689286520372,0.793324347486057,0.8358840835245333,0.8491376032470052,0.864417183858384,0.9101362182425301,0.9044541623876955,0.9103374653778548,0.8919190547740432,0.8748250875343788,0.8763882988706757,0.9061905136657343,0.9808416087672015,0.9816659309305592,1.0053970885094445,1.0110151366586522,1.0,1.0075620828109237,1.0125422678513272,1.0187340530507063
PARTIAL_MALL,NN3,0.9091145263561904,0.8566964402536231,0.8718117886204949,0.7875216660937258,0.8296201870474487,0.8427111285625721,0.8579451601848317,0.9030956336813277,0.8975312860168612,0.9032238116960585,0.8850605551045051,0.8682191698931726,0.8697540969651576,0.8993442921361721,0.9740162744576328,0.9744369248786642,0.9978495621419913,1.003588708874004,0.9929539397201583,1.0,1.0050354177290783,1.0111087415023992
PARTIAL_MALL,NN4_1,0.9046415253792671,0.8522550457375808,0.8674774247965782,0.7835711115714998,0.8255096604773091,0.8383757919551317,0.8534894898403488,0.8986116092932381,0.893142622291473,0.8987569776284599,0.8805034073036191,0.8638322135809563,0.8653944586812128,0.894886151066731,0.9689116435788715,0.9696594978774816,0.9932270365363349,0.9987659126312528,0.9882712976159632,0.9953751232077821,1.0,1.0062817103163395
PARTIAL_MALL,NN4,0.8991597848101064,0.8472674736451034,0.8622609982830469,0.7789410835872836,0.8205310464159669,0.8334819823806146,0.8485076276715424,0.8932421518262633,0.8877783017100307,0.893411578160565,0.875317579815665,0.8586775482109374,0.8602172009667883,0.8895179620376962,0.9633605273511836,0.9638445624577737,0.9870454293239936,0.9926451073075617,0.9821655903700087,0.9891568266221958,0.9939890384901932,1.0
