dataset,row_model,col_model,reject_share_10pct,reject_share_5pct,reject_share_1pct,applied_style
MHAR,HAR,HAR,0.0,0.0,0.0,none
MHAR,HAR,HARX,0.0,0.0,0.0,none
MHAR,HAR,LogHAR,0.84,0.76,0.68,p01
MHAR,HAR,LevHAR,1.0,1.0,1.0,p01
MHAR,HAR,SHAR,0.88,0.88,0.84,p01
MHAR,HAR,HARQ,0.96,0.92,0.88,p01
MHAR,HAR,Ridge,0.12,0.12,0.04,none
MHAR,HAR,Lasso,0.0,0.0,0.0,none
MHAR,HAR,ElasticNet,0.0,0.0,0.0,none
MHAR,HAR,AdaptiveLasso,0.0,0.0,0.0,none
MHAR,HAR,PostLasso,0.04,0.04,0.0,none
MHAR,HAR,Bagging,0.44,0.4,0.2,none
MHAR,HAR,RandomForest,0.56,0.52,0.28,p05
MHAR,HAR,GradientBoosting,0.16,0.12,0.08,none
MHAR,HAR,NN1_1,0.04,0.04,0.0,none
MHAR,HAR,NN1,0.0,0.0,0.0,none
MHAR,HAR,NN2_1,0.04,0.04,0.0,none
MHAR,HAR,NN2,0.0,0.0,0.0,none
MHAR,HAR,NN3_1,0.0,0.0,0.0,none
MHAR,HAR,NN3,0.0,0.0,0.0,none
MHAR,HAR,NN4_1,0.0,0.0,0.0,none
MHAR,HAR,NN4,0.0,0.0,0.0,none
MHAR,HARX,HAR,0.0,0.0,0.0,none
MHAR,HARX,HARX,0.0,0.0,0.0,none
MHAR,HARX,LogHAR,0.84,0.76,0.68,p01
MHAR,HARX,LevHAR,1.0,1.0,1.0,p01
MHAR,HARX,SHAR,0.88,0.88,0.84,p01
MHAR,HARX,HARQ,0.96,0.92,0.88,p01
MHAR,HARX,Ridge,0.12,0.12,0.04,none
MHAR,HARX,Lasso,0.0,0.0,0.0,none
MHAR,HARX,ElasticNet,0.0,0.0,0.0,none
MHAR,HARX,AdaptiveLasso,0.0,0.0,0.0,none
MHAR,HARX,PostLasso,0.04,0.04,0.0,none
MHAR,HARX,Bagging,0.44,0.4,0.2,none
MHAR,HARX,RandomForest,0.56,0.52,0.28,p05
MHAR,HARX,GradientBoosting,0.16,0.12,0.08,none
MHAR,HARX,NN1_1,0.04,0.04,0.0,none
MHAR,HARX,NN1,0.0,0.0,0.0,none
MHAR,HARX,NN2_1,0.04,0.04,0.0,none
MHAR,HARX,NN2,0.0,0.0,0.0,none
MHAR,HARX,NN3_1,0.0,0.0,0.0,none
MHAR,HARX,NN3,0.0,0.0,0.0,none
MHAR,HARX,NN4_1,0.0,0.0,0.0,none
MHAR,HARX,NN4,0.0,0.0,0.0,none
MHAR,LogHAR,HAR,0.0,0.0,0.0,none
MHAR,LogHAR,HARX,0.0,0.0,0.0,none
MHAR,LogHAR,LogHAR,0.0,0.0,0.0,none
MHAR,LogHAR,LevHAR,0.92,0.92,0.84,p01
MHAR,LogHAR,SHAR,0.52,0.44,0.36,p10
MHAR,LogHAR,HARQ,0.76,0.68,0.48,p05
MHAR,LogHAR,Ridge,0.0,0.0,0.0,none
MHAR,LogHAR,Lasso,0.0,0.0,0.0,none
MHAR,LogHAR,ElasticNet,0.0,0.0,0.0,none
MHAR,LogHAR,AdaptiveLasso,0.0,0.0,0.0,none
MHAR,LogHAR,PostLasso,0.0,0.0,0.0,none
MHAR,LogHAR,Bagging,0.0,0.0,0.0,none
MHAR,LogHAR,RandomForest,0.0,0.0,0.0,none
MHAR,LogHAR,GradientBoosting,0.0,0.0,0.0,none
MHAR,LogHAR,NN1_1,0.0,0.0,0.0,none
MHAR,LogHAR,NN1,0.0,0.0,0.0,none
MHAR,LogHAR,NN2_1,0.0,0.0,0.0,none
MHAR,LogHAR,NN2,0.0,0.0,0.0,none
MHAR,LogHAR,NN3_1,0.0,0.0,0.0,none
MHAR,LogHAR,NN3,0.0,0.0,0.0,none
MHAR,LogHAR,NN4_1,0.0,0.0,0.0,none
MHAR,LogHAR,NN4,0.0,0.0,0.0,none
MHAR,LevHAR,HAR,0.0,0.0,0.0,none
MHAR,LevHAR,HARX,0.0,0.0,0.0,none
MHAR,LevHAR,LogHAR,0.04,0.04,0.04,none
MHAR,LevHAR,LevHAR,0.0,0.0,0.0,none
MHAR,LevHAR,SHAR,0.04,0.04,0.04,none
MHAR,LevHAR,HARQ,0.04,0.04,0.04,none
MHAR,LevHAR,Ridge,0.0,0.0,0.0,none
MHAR,LevHAR,Lasso,0.0,0.0,0.0,none
MHAR,LevHAR,ElasticNet,0.0,0.0,0.0,none
MHAR,LevHAR,AdaptiveLasso,0.0,0.0,0.0,none
MHAR,LevHAR,PostLasso,0.0,0.0,0.0,none
MHAR,LevHAR,Bagging,0.04,0.04,0.0,none
MHAR,LevHAR,RandomForest,0.04,0.04,0.04,none
MHAR,LevHAR,GradientBoosting,0.0,0.0,0.0,none
MHAR,LevHAR,NN1_1,0.0,0.0,0.0,none
MHAR,LevHAR,NN1,0.0,0.0,0.0,none
MHAR,LevHAR,NN2_1,0.0,0.0,0.0,none
MHAR,LevHAR,NN2,0.0,0.0,0.0,none
MHAR,LevHAR,NN3_1,0.0,0.0,0.0,none
MHAR,LevHAR,NN3,0.0,0.0,0.0,none
MHAR,LevHAR,NN4_1,0.0,0.0,0.0,none
MHAR,LevHAR,NN4,0.0,0.0,0.0,none
MHAR,SHAR,HAR,0.12,0.12,0.12,none
MHAR,SHAR,HARX,0.12,0.12,0.12,none
MHAR,SHAR,LogHAR,0.2,0.16,0.16,none
MHAR,SHAR,LevHAR,0.92,0.92,0.88,p01
MHAR,SHAR,SHAR,0.0,0.0,0.0,none
MHAR,SHAR,HARQ,0.4,0.36,0.32,none
MHAR,SHAR,Ridge,0.16,0.12,0.12,none
MHAR,SHAR,Lasso,0.08,0.08,0.04,none
MHAR,SHAR,ElasticNet,0.12,0.12,0.08,none
MHAR,SHAR,AdaptiveLasso,0.04,0.04,0.04,none
MHAR,SHAR,PostLasso,0.12,0.12,0.12,none
MHAR,SHAR,Bagging,0.12,0.12,0.08,none
MHAR,SHAR,RandomForest,0.16,0.16,0.12,none
MHAR,SHAR,GradientBoosting,0.08,0.08,0.08,none
MHAR,SHAR,NN1_1,0.0,0.0,0.0,none
MHAR,SHAR,NN1,0.0,0.0,0.0,none
MHAR,SHAR,NN2_1,0.04,0.04,0.04,none
MHAR,SHAR,NN2,0.0,0.0,0.0,none
MHAR,SHAR,NN3_1,0.0,0.0,0.0,none
MHAR,SHAR,NN3,0.0,0.0,0.0,none
MHAR,SHAR,NN4_1,0.0,0.0,0.0,none
MHAR,SHAR,NN4,0.0,0.0,0.0,none
MHAR,HARQ,HAR,0.0,0.0,0.0,none
MHAR,HARQ,HARX,0.0,0.0,0.0,none
MHAR,HARQ,LogHAR,0.04,0.0,0.0,none
MHAR,HARQ,LevHAR,0.88,0.88,0.72,p01
MHAR,HARQ,SHAR,0.24,0.16,0.08,none
MHAR,HARQ,HARQ,0.0,0.0,0.0,none
MHAR,HARQ,Ridge,0.0,0.0,0.0,none
MHAR,HARQ,Lasso,0.0,0.0,0.0,none
MHAR,HARQ,ElasticNet,0.0,0.0,0.0,none
MHAR,HARQ,AdaptiveLasso,0.0,0.0,0.0,none
MHAR,HARQ,PostLasso,0.0,0.0,0.0,none
MHAR,HARQ,Bagging,0.0,0.0,0.0,none
MHAR,HARQ,RandomForest,0.0,0.0,0.0,none
MHAR,HARQ,GradientBoosting,0.0,0.0,0.0,none
MHAR,HARQ,NN1_1,0.0,0.0,0.0,none
MHAR,HARQ,NN1,0.0,0.0,0.0,none
MHAR,HARQ,NN2_1,0.0,0.0,0.0,none
MHAR,HARQ,NN2,0.0,0.0,0.0,none
MHAR,HARQ,NN3_1,0.0,0.0,0.0,none
MHAR,HARQ,NN3,0.0,0.0,0.0,none
MHAR,HARQ,NN4_1,0.0,0.0,0.0,none
MHAR,HARQ,NN4,0.0,0.0,0.0,none
MHAR,Ridge,HAR,0.56,0.48,0.4,p10
MHAR,Ridge,HARX,0.56,0.48,0.4,p10
MHAR,Ridge,LogHAR,0.84,0.8,0.68,p01
MHAR,Ridge,LevHAR,1.0,1.0,1.0,p01
MHAR,Ridge,SHAR,0.8,0.8,0.76,p01
MHAR,Ridge,HARQ,0.96,0.92,0.92,p01
MHAR,Ridge,Ridge,0.0,0.0,0.0,none
MHAR,Ridge,Lasso,0.0,0.0,0.0,none
MHAR,Ridge,ElasticNet,0.0,0.0,0.0,none
MHAR,Ridge,AdaptiveLasso,0.04,0.0,0.0,none
MHAR,Ridge,PostLasso,0.36,0.32,0.28,none
MHAR,Ridge,Bagging,0.6,0.44,0.16,p10
MHAR,Ridge,RandomForest,0.6,0.52,0.28,p05
MHAR,Ridge,GradientBoosting,0.16,0.12,0.08,none
MHAR,Ridge,NN1_1,0.04,0.04,0.0,none
MHAR,Ridge,NN1,0.0,0.0,0.0,none
MHAR,Ridge,NN2_1,0.04,0.04,0.0,none
MHAR,Ridge,NN2,0.0,0.0,0.0,none
MHAR,Ridge,NN3_1,0.04,0.0,0.0,none
MHAR,Ridge,NN3,0.0,0.0,0.0,none
MHAR,Ridge,NN4_1,0.0,0.0,0.0,none
MHAR,Ridge,NN4,0.0,0.0,0.0,none
MHAR,Lasso,HAR,0.96,0.84,0.72,p01
MHAR,Lasso,HARX,0.96,0.84,0.72,p01
MHAR,Lasso,LogHAR,0.96,0.92,0.88,p01
MHAR,Lasso,LevHAR,1.0,1.0,1.0,p01
MHAR,Lasso,SHAR,0.88,0.88,0.88,p01
MHAR,Lasso,HARQ,0.96,0.92,0.92,p01
MHAR,Lasso,Ridge,0.96,0.92,0.8,p01
MHAR,Lasso,Lasso,0.0,0.0,0.0,none
MHAR,Lasso,ElasticNet,0.44,0.4,0.24,none
MHAR,Lasso,AdaptiveLasso,0.16,0.16,0.16,none
MHAR,Lasso,PostLasso,0.96,0.84,0.76,p01
MHAR,Lasso,Bagging,0.88,0.76,0.56,p01
MHAR,Lasso,RandomForest,0.88,0.8,0.6,p01
MHAR,Lasso,GradientBoosting,0.56,0.48,0.32,p10
MHAR,Lasso,NN1_1,0.08,0.08,0.08,none
MHAR,Lasso,NN1,0.08,0.08,0.04,none
MHAR,Lasso,NN2_1,0.24,0.16,0.08,none
MHAR,Lasso,NN2,0.08,0.04,0.04,none
MHAR,Lasso,NN3_1,0.08,0.0,0.0,none
MHAR,Lasso,NN3,0.04,0.04,0.04,none
MHAR,Lasso,NN4_1,0.04,0.04,0.0,none
MHAR,Lasso,NN4,0.04,0.04,0.04,none
MHAR,ElasticNet,HAR,0.84,0.72,0.68,p01
MHAR,ElasticNet,HARX,0.84,0.72,0.68,p01
MHAR,ElasticNet,LogHAR,0.92,0.92,0.84,p01
MHAR,ElasticNet,LevHAR,1.0,1.0,1.0,p01
MHAR,ElasticNet,SHAR,0.88,0.88,0.88,p01
MHAR,ElasticNet,HARQ,0.92,0.92,0.92,p01
MHAR,ElasticNet,Ridge,0.84,0.8,0.72,p01
MHAR,ElasticNet,Lasso,0.12,0.08,0.04,none
MHAR,ElasticNet,ElasticNet,0.0,0.0,0.0,none
MHAR,ElasticNet,AdaptiveLasso,0.16,0.08,0.08,none
MHAR,ElasticNet,PostLasso,0.8,0.72,0.64,p01
MHAR,ElasticNet,Bagging,0.76,0.72,0.48,p05
MHAR,ElasticNet,RandomForest,0.84,0.72,0.64,p01
MHAR,ElasticNet,GradientBoosting,0.44,0.4,0.32,none
MHAR,ElasticNet,NN1_1,0.08,0.08,0.04,none
MHAR,ElasticNet,NN1,0.08,0.08,0.04,none
MHAR,ElasticNet,NN2_1,0.16,0.12,0.08,none
MHAR,ElasticNet,NN2,0.08,0.04,0.04,none
MHAR,ElasticNet,NN3_1,0.08,0.0,0.0,none
MHAR,ElasticNet,NN3,0.04,0.04,0.04,none
MHAR,ElasticNet,NN4_1,0.04,0.04,0.0,none
MHAR,ElasticNet,NN4,0.04,0.04,0.04,none
MHAR,AdaptiveLasso,HAR,0.96,0.88,0.8,p01
MHAR,AdaptiveLasso,HARX,0.96,0.88,0.8,p01
MHAR,AdaptiveLasso,LogHAR,0.96,0.96,0.84,p01
MHAR,AdaptiveLasso,LevHAR,1.0,1.0,1.0,p01
MHAR,AdaptiveLasso,SHAR,0.88,0.88,0.88,p01
MHAR,AdaptiveLasso,HARQ,0.96,0.92,0.92,p01
MHAR,AdaptiveLasso,Ridge,0.88,0.88,0.72,p01
MHAR,AdaptiveLasso,Lasso,0.4,0.36,0.32,none
MHAR,AdaptiveLasso,ElasticNet,0.6,0.52,0.44,p05
MHAR,AdaptiveLasso,AdaptiveLasso,0.0,0.0,0.0,none
MHAR,AdaptiveLasso,PostLasso,0.96,0.88,0.84,p01
MHAR,AdaptiveLasso,Bagging,0.92,0.8,0.64,p01
MHAR,AdaptiveLasso,RandomForest,0.96,0.84,0.68,p01
MHAR,AdaptiveLasso,GradientBoosting,0.56,0.48,0.4,p10
MHAR,AdaptiveLasso,NN1_1,0.12,0.12,0.12,none
MHAR,AdaptiveLasso,NN1,0.12,0.08,0.04,none
MHAR,AdaptiveLasso,NN2_1,0.24,0.16,0.12,none
MHAR,AdaptiveLasso,NN2,0.04,0.04,0.04,none
MHAR,AdaptiveLasso,NN3_1,0.08,0.08,0.0,none
MHAR,AdaptiveLasso,NN3,0.04,0.04,0.04,none
MHAR,AdaptiveLasso,NN4_1,0.08,0.08,0.08,none
MHAR,AdaptiveLasso,NN4,0.04,0.04,0.04,none
MHAR,PostLasso,HAR,0.6,0.48,0.4,p10
MHAR,PostLasso,HARX,0.6,0.48,0.4,p10
MHAR,PostLasso,LogHAR,0.88,0.8,0.72,p01
MHAR,PostLasso,LevHAR,1.0,1.0,1.0,p01
MHAR,PostLasso,SHAR,0.84,0.8,0.8,p01
MHAR,PostLasso,HARQ,0.96,0.92,0.92,p01
MHAR,PostLasso,Ridge,0.24,0.12,0.04,none
MHAR,PostLasso,Lasso,0.0,0.0,0.0,none
MHAR,PostLasso,ElasticNet,0.0,0.0,0.0,none
MHAR,PostLasso,AdaptiveLasso,0.0,0.0,0.0,none
MHAR,PostLasso,PostLasso,0.0,0.0,0.0,none
MHAR,PostLasso,Bagging,0.56,0.44,0.16,p10
MHAR,PostLasso,RandomForest,0.6,0.52,0.36,p05
MHAR,PostLasso,GradientBoosting,0.2,0.12,0.08,none
MHAR,PostLasso,NN1_1,0.04,0.04,0.0,none
MHAR,PostLasso,NN1,0.0,0.0,0.0,none
MHAR,PostLasso,NN2_1,0.04,0.04,0.0,none
MHAR,PostLasso,NN2,0.0,0.0,0.0,none
MHAR,PostLasso,NN3_1,0.0,0.0,0.0,none
MHAR,PostLasso,NN3,0.0,0.0,0.0,none
MHAR,PostLasso,NN4_1,0.0,0.0,0.0,none
MHAR,PostLasso,NN4,0.0,0.0,0.0,none
MHAR,Bagging,HAR,0.08,0.04,0.0,none
MHAR,Bagging,HARX,0.08,0.04,0.0,none
MHAR,Bagging,LogHAR,0.36,0.24,0.04,none
MHAR,Bagging,LevHAR,0.92,0.92,0.92,p01
MHAR,Bagging,SHAR,0.56,0.48,0.36,p10
MHAR,Bagging,HARQ,0.68,0.6,0.44,p05
MHAR,Bagging,Ridge,0.04,0.04,0.0,none
MHAR,Bagging,Lasso,0.0,0.0,0.0,none
MHAR,Bagging,ElasticNet,0.0,0.0,0.0,none
MHAR,Bagging,AdaptiveLasso,0.0,0.0,0.0,none
MHAR,Bagging,PostLasso,0.04,0.04,0.0,none
MHAR,Bagging,Bagging,0.0,0.0,0.0,none
MHAR,Bagging,RandomForest,0.12,0.0,0.0,none
MHAR,Bagging,GradientBoosting,0.0,0.0,0.0,none
MHAR,Bagging,NN1_1,0.0,0.0,0.0,none
MHAR,Bagging,NN1,0.0,0.0,0.0,none
MHAR,Bagging,NN2_1,0.0,0.0,0.0,none
MHAR,Bagging,NN2,0.0,0.0,0.0,none
MHAR,Bagging,NN3_1,0.0,0.0,0.0,none
MHAR,Bagging,NN3,0.0,0.0,0.0,none
MHAR,Bagging,NN4_1,0.0,0.0,0.0,none
MHAR,Bagging,NN4,0.0,0.0,0.0,none
MHAR,RandomForest,HAR,0.08,0.08,0.0,none
MHAR,RandomForest,HARX,0.08,0.08,0.0,none
MHAR,RandomForest,LogHAR,0.4,0.16,0.12,none
MHAR,RandomForest,LevHAR,0.92,0.92,0.88,p01
MHAR,RandomForest,SHAR,0.64,0.56,0.48,p05
MHAR,RandomForest,HARQ,0.72,0.68,0.6,p01
MHAR,RandomForest,Ridge,0.08,0.08,0.0,none
MHAR,RandomForest,Lasso,0.0,0.0,0.0,none
MHAR,RandomForest,ElasticNet,0.0,0.0,0.0,none
MHAR,RandomForest,AdaptiveLasso,0.0,0.0,0.0,none
MHAR,RandomForest,PostLasso,0.04,0.04,0.0,none
MHAR,RandomForest,Bagging,0.16,0.04,0.0,none
MHAR,RandomForest,RandomForest,0.0,0.0,0.0,none
MHAR,RandomForest,GradientBoosting,0.0,0.0,0.0,none
MHAR,RandomForest,NN1_1,0.0,0.0,0.0,none
MHAR,RandomForest,NN1,0.0,0.0,0.0,none
MHAR,RandomForest,NN2_1,0.0,0.0,0.0,none
MHAR,RandomForest,NN2,0.0,0.0,0.0,none
MHAR,RandomForest,NN3_1,0.0,0.0,0.0,none
MHAR,RandomForest,NN3,0.0,0.0,0.0,none
MHAR,RandomForest,NN4_1,0.0,0.0,0.0,none
MHAR,RandomForest,NN4,0.0,0.0,0.0,none
MHAR,GradientBoosting,HAR,0.44,0.44,0.32,none
MHAR,GradientBoosting,HARX,0.44,0.44,0.32,none
MHAR,GradientBoosting,LogHAR,0.84,0.72,0.52,p01
MHAR,GradientBoosting,LevHAR,0.96,0.96,0.96,p01
MHAR,GradientBoosting,SHAR,0.84,0.8,0.72,p01
MHAR,GradientBoosting,HARQ,0.92,0.92,0.76,p01
MHAR,GradientBoosting,Ridge,0.44,0.4,0.32,none
MHAR,GradientBoosting,Lasso,0.2,0.2,0.0,none
MHAR,GradientBoosting,ElasticNet,0.2,0.12,0.12,none
MHAR,GradientBoosting,AdaptiveLasso,0.08,0.08,0.0,none
MHAR,GradientBoosting,PostLasso,0.4,0.32,0.32,none
MHAR,GradientBoosting,Bagging,0.64,0.44,0.36,p10
MHAR,GradientBoosting,RandomForest,0.6,0.48,0.4,p10
MHAR,GradientBoosting,GradientBoosting,0.0,0.0,0.0,none
MHAR,GradientBoosting,NN1_1,0.08,0.08,0.04,none
MHAR,GradientBoosting,NN1,0.08,0.04,0.04,none
MHAR,GradientBoosting,NN2_1,0.16,0.16,0.08,none
MHAR,GradientBoosting,NN2,0.08,0.04,0.0,none
MHAR,GradientBoosting,NN3_1,0.04,0.0,0.0,none
MHAR,GradientBoosting,NN3,0.04,0.04,0.04,none
MHAR,GradientBoosting,NN4_1,0.08,0.04,0.0,none
MHAR,GradientBoosting,NN4,0.04,0.04,0.0,none
MHAR,NN1_1,HAR,0.6,0.52,0.24,p05
MHAR,NN1_1,HARX,0.6,0.52,0.24,p05
MHAR,NN1_1,LogHAR,0.96,0.92,0.76,p01
MHAR,NN1_1,LevHAR,1.0,1.0,0.92,p01
MHAR,NN1_1,SHAR,0.88,0.84,0.6,p01
MHAR,NN1_1,HARQ,1.0,0.96,0.72,p01
MHAR,NN1_1,Ridge,0.6,0.44,0.24,p10
MHAR,NN1_1,Lasso,0.4,0.28,0.0,none
MHAR,NN1_1,ElasticNet,0.4,0.32,0.04,none
MHAR,NN1_1,AdaptiveLasso,0.28,0.2,0.0,none
MHAR,NN1_1,PostLasso,0.56,0.44,0.2,p10
MHAR,NN1_1,Bagging,0.88,0.68,0.48,p05
MHAR,NN1_1,RandomForest,0.84,0.68,0.48,p05
MHAR,NN1_1,GradientBoosting,0.48,0.36,0.12,none
MHAR,NN1_1,NN1_1,0.0,0.0,0.0,none
MHAR,NN1_1,NN1,0.24,0.16,0.12,none
MHAR,NN1_1,NN2_1,0.44,0.36,0.24,none
MHAR,NN1_1,NN2,0.12,0.08,0.04,none
MHAR,NN1_1,NN3_1,0.08,0.08,0.04,none
MHAR,NN1_1,NN3,0.0,0.0,0.0,none
MHAR,NN1_1,NN4_1,0.04,0.0,0.0,none
MHAR,NN1_1,NN4,0.0,0.0,0.0,none
MHAR,NN1,HAR,0.76,0.64,0.28,p05
MHAR,NN1,HARX,0.76,0.64,0.28,p05
MHAR,NN1,LogHAR,0.96,0.92,0.72,p01
MHAR,NN1,LevHAR,1.0,1.0,1.0,p01
MHAR,NN1,SHAR,0.92,0.88,0.64,p01
MHAR,NN1,HARQ,1.0,0.92,0.76,p01
MHAR,NN1,Ridge,0.76,0.6,0.24,p05
MHAR,NN1,Lasso,0.48,0.4,0.12,none
MHAR,NN1,ElasticNet,0.52,0.4,0.12,p10
MHAR,NN1,AdaptiveLasso,0.44,0.28,0.08,none
MHAR,NN1,PostLasso,0.76,0.6,0.24,p05
MHAR,NN1,Bagging,0.92,0.68,0.44,p05
MHAR,NN1,RandomForest,0.88,0.8,0.44,p05
MHAR,NN1,GradientBoosting,0.64,0.48,0.2,p10
MHAR,NN1,NN1_1,0.36,0.36,0.2,none
MHAR,NN1,NN1,0.0,0.0,0.0,none
MHAR,NN1,NN2_1,0.44,0.4,0.24,none
MHAR,NN1,NN2,0.16,0.16,0.0,none
MHAR,NN1,NN3_1,0.32,0.2,0.12,none
MHAR,NN1,NN3,0.12,0.08,0.08,none
MHAR,NN1,NN4_1,0.12,0.08,0.0,none
MHAR,NN1,NN4,0.0,0.0,0.0,none
MHAR,NN2_1,HAR,0.4,0.36,0.2,none
MHAR,NN2_1,HARX,0.4,0.36,0.2,none
MHAR,NN2_1,LogHAR,0.88,0.72,0.52,p01
MHAR,NN2_1,LevHAR,0.96,0.96,0.96,p01
MHAR,NN2_1,SHAR,0.84,0.84,0.56,p01
MHAR,NN2_1,HARQ,0.92,0.84,0.6,p01
MHAR,NN2_1,Ridge,0.4,0.32,0.16,none
MHAR,NN2_1,Lasso,0.24,0.2,0.04,none
MHAR,NN2_1,ElasticNet,0.28,0.24,0.08,none
MHAR,NN2_1,AdaptiveLasso,0.24,0.2,0.0,none
MHAR,NN2_1,PostLasso,0.4,0.32,0.2,none
MHAR,NN2_1,Bagging,0.64,0.6,0.28,p05
MHAR,NN2_1,RandomForest,0.64,0.52,0.28,p05
MHAR,NN2_1,GradientBoosting,0.32,0.2,0.08,none
MHAR,NN2_1,NN1_1,0.16,0.12,0.08,none
MHAR,NN2_1,NN1,0.08,0.08,0.04,none
MHAR,NN2_1,NN2_1,0.0,0.0,0.0,none
MHAR,NN2_1,NN2,0.04,0.04,0.0,none
MHAR,NN2_1,NN3_1,0.08,0.08,0.0,none
MHAR,NN2_1,NN3,0.04,0.04,0.0,none
MHAR,NN2_1,NN4_1,0.0,0.0,0.0,none
MHAR,NN2_1,NN4,0.0,0.0,0.0,none
MHAR,NN2,HAR,0.72,0.52,0.24,p05
MHAR,NN2,HARX,0.72,0.52,0.24,p05
MHAR,NN2,LogHAR,0.96,0.96,0.84,p01
MHAR,NN2,LevHAR,1.0,1.0,0.92,p01
MHAR,NN2,SHAR,0.88,0.84,0.64,p01
MHAR,NN2,HARQ,0.96,0.96,0.8,p01
MHAR,NN2,Ridge,0.68,0.56,0.28,p05
MHAR,NN2,Lasso,0.44,0.28,0.04,none
MHAR,NN2,ElasticNet,0.4,0.36,0.12,none
MHAR,NN2,AdaptiveLasso,0.36,0.24,0.04,none
MHAR,NN2,PostLasso,0.68,0.48,0.24,p10
MHAR,NN2,Bagging,0.88,0.84,0.44,p05
MHAR,NN2,RandomForest,0.96,0.84,0.44,p05
MHAR,NN2,GradientBoosting,0.64,0.56,0.16,p05
MHAR,NN2,NN1_1,0.44,0.4,0.32,none
MHAR,NN2,NN1,0.16,0.16,0.08,none
MHAR,NN2,NN2_1,0.52,0.4,0.32,p10
MHAR,NN2,NN2,0.0,0.0,0.0,none
MHAR,NN2,NN3_1,0.2,0.12,0.04,none
MHAR,NN2,NN3,0.24,0.04,0.04,none
MHAR,NN2,NN4_1,0.08,0.08,0.04,none
MHAR,NN2,NN4,0.04,0.0,0.0,none
MHAR,NN3_1,HAR,0.72,0.6,0.2,p05
MHAR,NN3_1,HARX,0.72,0.6,0.2,p05
MHAR,NN3_1,LogHAR,1.0,0.92,0.72,p01
MHAR,NN3_1,LevHAR,1.0,1.0,1.0,p01
MHAR,NN3_1,SHAR,0.84,0.8,0.72,p01
MHAR,NN3_1,HARQ,1.0,1.0,0.84,p01
MHAR,NN3_1,Ridge,0.72,0.52,0.24,p05
MHAR,NN3_1,Lasso,0.36,0.24,0.12,none
MHAR,NN3_1,ElasticNet,0.44,0.32,0.12,none
MHAR,NN3_1,AdaptiveLasso,0.28,0.2,0.12,none
MHAR,NN3_1,PostLasso,0.68,0.48,0.24,p10
MHAR,NN3_1,Bagging,0.92,0.76,0.44,p05
MHAR,NN3_1,RandomForest,0.88,0.8,0.44,p05
MHAR,NN3_1,GradientBoosting,0.56,0.44,0.2,p10
MHAR,NN3_1,NN1_1,0.32,0.28,0.24,none
MHAR,NN3_1,NN1,0.24,0.2,0.2,none
MHAR,NN3_1,NN2_1,0.4,0.36,0.32,none
MHAR,NN3_1,NN2,0.16,0.16,0.04,none
MHAR,NN3_1,NN3_1,0.0,0.0,0.0,none
MHAR,NN3_1,NN3,0.16,0.12,0.04,none
MHAR,NN3_1,NN4_1,0.0,0.0,0.0,none
MHAR,NN3_1,NN4,0.08,0.0,0.0,none
MHAR,NN3,HAR,0.76,0.68,0.36,p05
MHAR,NN3,HARX,0.76,0.68,0.36,p05
MHAR,NN3,LogHAR,1.0,1.0,0.88,p01
MHAR,NN3,LevHAR,1.0,1.0,0.96,p01
MHAR,NN3,SHAR,0.88,0.88,0.72,p01
MHAR,NN3,HARQ,1.0,1.0,0.88,p01
MHAR,NN3,Ridge,0.8,0.64,0.36,p05
MHAR,NN3,Lasso,0.48,0.36,0.08,none
MHAR,NN3,ElasticNet,0.52,0.36,0.16,p10
MHAR,NN3,AdaptiveLasso,0.44,0.32,0.0,none
MHAR,NN3,PostLasso,0.8,0.64,0.36,p05
MHAR,NN3,Bagging,1.0,0.96,0.64,p01
MHAR,NN3,RandomForest,1.0,0.92,0.72,p01
MHAR,NN3,GradientBoosting,0.68,0.52,0.24,p05
MHAR,NN3,NN1_1,0.36,0.32,0.28,none
MHAR,NN3,NN1,0.36,0.36,0.24,none
MHAR,NN3,NN2_1,0.68,0.68,0.4,p05
MHAR,NN3,NN2,0.32,0.28,0.16,none
MHAR,NN3,NN3_1,0.32,0.24,0.12,none
MHAR,NN3,NN3,0.0,0.0,0.0,none
MHAR,NN3,NN4_1,0.24,0.12,0.08,none
MHAR,NN3,NN4,0.0,0.0,0.0,none
MHAR,NN4_1,HAR,0.8,0.64,0.24,p05
MHAR,NN4_1,HARX,0.8,0.64,0.24,p05
MHAR,NN4_1,LogHAR,0.92,0.84,0.72,p01
MHAR,NN4_1,LevHAR,1.0,1.0,0.96,p01
MHAR,NN4_1,SHAR,0.92,0.8,0.56,p01
MHAR,NN4_1,HARQ,1.0,0.96,0.8,p01
MHAR,NN4_1,Ridge,0.8,0.72,0.24,p05
MHAR,NN4_1,Lasso,0.56,0.48,0.12,p10
MHAR,NN4_1,ElasticNet,0.56,0.48,0.12,p10
MHAR,NN4_1,AdaptiveLasso,0.44,0.32,0.12,none
MHAR,NN4_1,PostLasso,0.8,0.64,0.24,p05
MHAR,NN4_1,Bagging,0.84,0.8,0.48,p05
MHAR,NN4_1,RandomForest,0.84,0.8,0.44,p05
MHAR,NN4_1,GradientBoosting,0.72,0.52,0.2,p05
MHAR,NN4_1,NN1_1,0.6,0.36,0.32,p10
MHAR,NN4_1,NN1,0.32,0.28,0.16,none
MHAR,NN4_1,NN2_1,0.6,0.56,0.4,p05
MHAR,NN4_1,NN2,0.36,0.32,0.2,none
MHAR,NN4_1,NN3_1,0.36,0.32,0.12,none
MHAR,NN4_1,NN3,0.32,0.24,0.12,none
MHAR,NN4_1,NN4_1,0.0,0.0,0.0,none
MHAR,NN4_1,NN4,0.16,0.16,0.04,none
MHAR,NN4,HAR,0.84,0.68,0.56,p01
MHAR,NN4,HARX,0.84,0.68,0.56,p01
MHAR,NN4,LogHAR,1.0,1.0,0.92,p01
MHAR,NN4,LevHAR,1.0,1.0,0.96,p01
MHAR,NN4,SHAR,0.92,0.88,0.72,p01
MHAR,NN4,HARQ,1.0,1.0,0.88,p01
MHAR,NN4,Ridge,0.84,0.72,0.52,p01
MHAR,NN4,Lasso,0.64,0.56,0.2,p05
MHAR,NN4,ElasticNet,0.64,0.56,0.28,p05
MHAR,NN4,AdaptiveLasso,0.56,0.48,0.08,p10
MHAR,NN4,PostLasso,0.88,0.72,0.52,p01
MHAR,NN4,Bagging,0.96,0.96,0.64,p01
MHAR,NN4,RandomForest,1.0,0.92,0.64,p01
MHAR,NN4,GradientBoosting,0.76,0.64,0.4,p05
MHAR,NN4,NN1_1,0.6,0.56,0.52,p01
MHAR,NN4,NN1,0.64,0.6,0.36,p05
MHAR,NN4,NN2_1,0.76,0.72,0.52,p01
MHAR,NN4,NN2,0.68,0.6,0.52,p01
MHAR,NN4,NN3_1,0.72,0.64,0.44,p05
MHAR,NN4,NN3,0.64,0.64,0.36,p05
MHAR,NN4,NN4_1,0.36,0.24,0.2,none
MHAR,NN4,NN4,0.0,0.0,0.0,none
PARTIAL_MALL,HAR,HAR,0.0,0.0,0.0,none
PARTIAL_MALL,HAR,HARX,0.72,0.72,0.68,p01
PARTIAL_MALL,HAR,LogHAR,0.88,0.88,0.84,p01
PARTIAL_MALL,HAR,LevHAR,0.96,0.92,0.88,p01
PARTIAL_MALL,HAR,SHAR,0.84,0.84,0.64,p01
PARTIAL_MALL,HAR,HARQ,0.84,0.76,0.68,p01
PARTIAL_MALL,HAR,Ridge,0.76,0.72,0.68,p01
PARTIAL_MALL,HAR,Lasso,0.56,0.44,0.28,p10
PARTIAL_MALL,HAR,ElasticNet,0.44,0.4,0.32,none
PARTIAL_MALL,HAR,AdaptiveLasso,0.48,0.4,0.36,none
PARTIAL_MALL,HAR,PostLasso,0.64,0.64,0.48,p05
PARTIAL_MALL,HAR,Bagging,0.88,0.76,0.72,p01
PARTIAL_MALL,HAR,RandomForest,0.88,0.76,0.76,p01
PARTIAL_MALL,HAR,GradientBoosting,0.48,0.48,0.28,none
PARTIAL_MALL,HAR,NN1_1,0.0,0.0,0.0,none
PARTIAL_MALL,HAR,NN1,0.04,0.0,0.0,none
PARTIAL_MALL,HAR,NN2_1,0.0,0.0,0.0,none
PARTIAL_MALL,HAR,NN2,0.0,0.0,0.0,none
PARTIAL_MALL,HAR,NN3_1,0.0,0.0,0.0,none
PARTIAL_MALL,HAR,NN3,0.0,0.0,0.0,none
PARTIAL_MALL,HAR,NN4_1,0.0,0.0,0.0,none
PARTIAL_MALL,HAR,NN4,0.0,0.0,0.0,none
PARTIAL_MALL,HARX,HAR,0.0,0.0,0.0,none
PARTIAL_MALL,HARX,HARX,0.0,0.0,0.0,none
PARTIAL_MALL,HARX,LogHAR,0.12,0.08,0.04,none
PARTIAL_MALL,HARX,LevHAR,0.92,0.92,0.88,p01
PARTIAL_MALL,HARX,SHAR,0.84,0.76,0.72,p01
PARTIAL_MALL,HARX,HARQ,0.52,0.48,0.36,p10
PARTIAL_MALL,HARX,Ridge,0.04,0.0,0.0,none
PARTIAL_MALL,HARX,Lasso,0.0,0.0,0.0,none
PARTIAL_MALL,HARX,ElasticNet,0.04,0.04,0.0,none
PARTIAL_MALL,HARX,AdaptiveLasso,0.0,0.0,0.0,none
PARTIAL_MALL,HARX,PostLasso,0.0,0.0,0.0,none
PARTIAL_MALL,HARX,Bagging,0.2,0.12,0.04,none
PARTIAL_MALL,HARX,RandomForest,0.2,0.08,0.04,none
PARTIAL_MALL,HARX,GradientBoosting,0.08,0.0,0.0,none
PARTIAL_MALL,HARX,NN1_1,0.0,0.0,0.0,none
PARTIAL_MALL,HARX,NN1,0.0,0.0,0.0,none
PARTIAL_MALL,HARX,NN2_1,0.0,0.0,0.0,none
PARTIAL_MALL,HARX,NN2,0.0,0.0,0.0,none
PARTIAL_MALL,HARX,NN3_1,0.0,0.0,0.0,none
PARTIAL_MALL,HARX,NN3,0.0,0.0,0.0,none
PARTIAL_MALL,HARX,NN4_1,0.0,0.0,0.0,none
PARTIAL_MALL,HARX,NN4,0.0,0.0,0.0,none
PARTIAL_MALL,LogHAR,HAR,0.0,0.0,0.0,none
PARTIAL_MALL,LogHAR,HARX,0.64,0.6,0.44,p05
PARTIAL_MALL,LogHAR,LogHAR,0.0,0.0,0.0,none
PARTIAL_MALL,LogHAR,LevHAR,0.84,0.8,0.72,p01
PARTIAL_MALL,LogHAR,SHAR,0.64,0.6,0.52,p01
PARTIAL_MALL,LogHAR,HARQ,0.64,0.64,0.4,p05
PARTIAL_MALL,LogHAR,Ridge,0.64,0.6,0.36,p05
PARTIAL_MALL,LogHAR,Lasso,0.12,0.12,0.04,none
PARTIAL_MALL,LogHAR,ElasticNet,0.12,0.12,0.04,none
PARTIAL_MALL,LogHAR,AdaptiveLasso,0.2,0.16,0.16,none
PARTIAL_MALL,LogHAR,PostLasso,0.44,0.28,0.16,none
PARTIAL_MALL,LogHAR,Bagging,0.08,0.04,0.04,none
PARTIAL_MALL,LogHAR,RandomForest,0.08,0.04,0.0,none
PARTIAL_MALL,LogHAR,GradientBoosting,0.0,0.0,0.0,none
PARTIAL_MALL,LogHAR,NN1_1,0.0,0.0,0.0,none
PARTIAL_MALL,LogHAR,NN1,0.0,0.0,0.0,none
PARTIAL_MALL,LogHAR,NN2_1,0.0,0.0,0.0,none
PARTIAL_MALL,LogHAR,NN2,0.0,0.0,0.0,none
PARTIAL_MALL,LogHAR,NN3_1,0.0,0.0,0.0,none
PARTIAL_MALL,LogHAR,NN3,0.0,0.0,0.0,none
PARTIAL_MALL,LogHAR,NN4_1,0.0,0.0,0.0,none
PARTIAL_MALL,LogHAR,NN4,0.0,0.0,0.0,none
PARTIAL_MALL,LevHAR,HAR,0.0,0.0,0.0,none
PARTIAL_MALL,LevHAR,HARX,0.0,0.0,0.0,none
PARTIAL_MALL,LevHAR,LogHAR,0.0,0.0,0.0,none
PARTIAL_MALL,LevHAR,LevHAR,0.0,0.0,0.0,none
PARTIAL_MALL,LevHAR,SHAR,0.04,0.04,0.04,none
PARTIAL_MALL,LevHAR,HARQ,0.04,0.04,0.04,none
PARTIAL_MALL,LevHAR,Ridge,0.0,0.0,0.0,none
PARTIAL_MALL,LevHAR,Lasso,0.0,0.0,0.0,none
PARTIAL_MALL,LevHAR,ElasticNet,0.0,0.0,0.0,none
PARTIAL_MALL,LevHAR,AdaptiveLasso,0.0,0.0,0.0,none
PARTIAL_MALL,LevHAR,PostLasso,0.0,0.0,0.0,none
PARTIAL_MALL,LevHAR,Bagging,0.0,0.0,0.0,none
PARTIAL_MALL,LevHAR,RandomForest,0.04,0.0,0.0,none
PARTIAL_MALL,LevHAR,GradientBoosting,0.0,0.0,0.0,none
PARTIAL_MALL,LevHAR,NN1_1,0.0,0.0,0.0,none
PARTIAL_MALL,LevHAR,NN1,0.0,0.0,0.0,none
PARTIAL_MALL,LevHAR,NN2_1,0.0,0.0,0.0,none
PARTIAL_MALL,LevHAR,NN2,0.0,0.0,0.0,none
PARTIAL_MALL,LevHAR,NN3_1,0.0,0.0,0.0,none
PARTIAL_MALL,LevHAR,NN3,0.0,0.0,0.0,none
PARTIAL_MALL,LevHAR,NN4_1,0.0,0.0,0.0,none
PARTIAL_MALL,LevHAR,NN4,0.0,0.0,0.0,none
PARTIAL_MALL,SHAR,HAR,0.0,0.0,0.0,none
PARTIAL_MALL,SHAR,HARX,0.12,0.12,0.12,none
PARTIAL_MALL,SHAR,LogHAR,0.0,0.0,0.0,none
PARTIAL_MALL,SHAR,LevHAR,0.68,0.64,0.44,p05
PARTIAL_MALL,SHAR,SHAR,0.0,0.0,0.0,none
PARTIAL_MALL,SHAR,HARQ,0.2,0.2,0.08,none
PARTIAL_MALL,SHAR,Ridge,0.12,0.12,0.12,none
PARTIAL_MALL,SHAR,Lasso,0.0,0.0,0.0,none
PARTIAL_MALL,SHAR,ElasticNet,0.0,0.0,0.0,none
PARTIAL_MALL,SHAR,AdaptiveLasso,0.0,0.0,0.0,none
PARTIAL_MALL,SHAR,PostLasso,0.04,0.04,0.0,none
PARTIAL_MALL,SHAR,Bagging,0.0,0.0,0.0,none
PARTIAL_MALL,SHAR,RandomForest,0.04,0.0,0.0,none
PARTIAL_MALL,SHAR,GradientBoosting,0.0,0.0,0.0,none
PARTIAL_MALL,SHAR,NN1_1,0.0,0.0,0.0,none
PARTIAL_MALL,SHAR,NN1,0.0,0.0,0.0,none
PARTIAL_MALL,SHAR,NN2_1,0.0,0.0,0.0,none
PARTIAL_MALL,SHAR,NN2,0.0,0.0,0.0,none
PARTIAL_MALL,SHAR,NN3_1,0.0,0.0,0.0,none
PARTIAL_MALL,SHAR,NN3,0.0,0.0,0.0,none
PARTIAL_MALL,SHAR,NN4_1,0.0,0.0,0.0,none
PARTIAL_MALL,SHAR,NN4,0.0,0.0,0.0,none
PARTIAL_MALL,HARQ,HAR,0.04,0.0,0.0,none
PARTIAL_MALL,HARQ,HARX,0.08,0.04,0.0,none
PARTIAL_MALL,HARQ,LogHAR,0.04,0.04,0.04,none
PARTIAL_MALL,HARQ,LevHAR,0.72,0.72,0.68,p01
PARTIAL_MALL,HARQ,SHAR,0.36,0.36,0.36,none
PARTIAL_MALL,HARQ,HARQ,0.0,0.0,0.0,none
PARTIAL_MALL,HARQ,Ridge,0.08,0.04,0.0,none
PARTIAL_MALL,HARQ,Lasso,0.0,0.0,0.0,none
PARTIAL_MALL,HARQ,ElasticNet,0.0,0.0,0.0,none
PARTIAL_MALL,HARQ,AdaptiveLasso,0.0,0.0,0.0,none
PARTIAL_MALL,HARQ,PostLasso,0.04,0.04,0.0,none
PARTIAL_MALL,HARQ,Bagging,0.04,0.04,0.04,none
PARTIAL_MALL,HARQ,RandomForest,0.08,0.04,0.04,none
PARTIAL_MALL,HARQ,GradientBoosting,0.04,0.0,0.0,none
PARTIAL_MALL,HARQ,NN1_1,0.0,0.0,0.0,none
PARTIAL_MALL,HARQ,NN1,0.0,0.0,0.0,none
PARTIAL_MALL,HARQ,NN2_1,0.0,0.0,0.0,none
PARTIAL_MALL,HARQ,NN2,0.0,0.0,0.0,none
PARTIAL_MALL,HARQ,NN3_1,0.0,0.0,0.0,none
PARTIAL_MALL,HARQ,NN3,0.0,0.0,0.0,none
PARTIAL_MALL,HARQ,NN4_1,0.0,0.0,0.0,none
PARTIAL_MALL,HARQ,NN4,0.0,0.0,0.0,none
PARTIAL_MALL,Ridge,HAR,0.0,0.0,0.0,none
PARTIAL_MALL,Ridge,HARX,0.2,0.08,0.08,none
PARTIAL_MALL,Ridge,LogHAR,0.12,0.08,0.04,none
PARTIAL_MALL,Ridge,LevHAR,0.88,0.84,0.84,p01
PARTIAL_MALL,Ridge,SHAR,0.76,0.72,0.68,p01
PARTIAL_MALL,Ridge,HARQ,0.56,0.48,0.36,p10
PARTIAL_MALL,Ridge,Ridge,0.0,0.0,0.0,none
PARTIAL_MALL,Ridge,Lasso,0.0,0.0,0.0,none
PARTIAL_MALL,Ridge,ElasticNet,0.04,0.04,0.0,none
PARTIAL_MALL,Ridge,AdaptiveLasso,0.0,0.0,0.0,none
PARTIAL_MALL,Ridge,PostLasso,0.04,0.04,0.04,none
PARTIAL_MALL,Ridge,Bagging,0.2,0.12,0.04,none
PARTIAL_MALL,Ridge,RandomForest,0.2,0.08,0.08,none
PARTIAL_MALL,Ridge,GradientBoosting,0.08,0.04,0.0,none
PARTIAL_MALL,Ridge,NN1_1,0.0,0.0,0.0,none
PARTIAL_MALL,Ridge,NN1,0.0,0.0,0.0,none
PARTIAL_MALL,Ridge,NN2_1,0.0,0.0,0.0,none
PARTIAL_MALL,Ridge,NN2,0.0,0.0,0.0,none
PARTIAL_MALL,Ridge,NN3_1,0.0,0.0,0.0,none
PARTIAL_MALL,Ridge,NN3,0.0,0.0,0.0,none
PARTIAL_MALL,Ridge,NN4_1,0.0,0.0,0.0,none
PARTIAL_MALL,Ridge,NN4,0.0,0.0,0.0,none
PARTIAL_MALL,Lasso,HAR,0.2,0.12,0.08,none
PARTIAL_MALL,Lasso,HARX,0.88,0.76,0.56,p01
PARTIAL_MALL,Lasso,LogHAR,0.48,0.44,0.44,none
PARTIAL_MALL,Lasso,LevHAR,1.0,1.0,0.92,p01
PARTIAL_MALL,Lasso,SHAR,0.96,0.88,0.88,p01
PARTIAL_MALL,Lasso,HARQ,0.88,0.88,0.72,p01
PARTIAL_MALL,Lasso,Ridge,0.88,0.76,0.68,p01
PARTIAL_MALL,Lasso,Lasso,0.0,0.0,0.0,none
PARTIAL_MALL,Lasso,ElasticNet,0.36,0.32,0.2,none
PARTIAL_MALL,Lasso,AdaptiveLasso,0.36,0.36,0.32,none
PARTIAL_MALL,Lasso,PostLasso,0.6,0.56,0.4,p05
PARTIAL_MALL,Lasso,Bagging,0.48,0.48,0.36,none
PARTIAL_MALL,Lasso,RandomForest,0.48,0.44,0.4,none
PARTIAL_MALL,Lasso,GradientBoosting,0.24,0.2,0.12,none
PARTIAL_MALL,Lasso,NN1_1,0.08,0.08,0.04,none
PARTIAL_MALL,Lasso,NN1,0.04,0.04,0.0,none
PARTIAL_MALL,Lasso,NN2_1,0.04,0.0,0.0,none
PARTIAL_MALL,Lasso,NN2,0.04,0.04,0.04,none
PARTIAL_MALL,Lasso,NN3_1,0.04,0.04,0.04,none
PARTIAL_MALL,Lasso,NN3,0.04,0.04,0.0,none
PARTIAL_MALL,Lasso,NN4_1,0.04,0.04,0.0,none
PARTIAL_MALL,Lasso,NN4,0.04,0.04,0.0,none
PARTIAL_MALL,ElasticNet,HAR,0.16,0.16,0.08,none
PARTIAL_MALL,ElasticNet,HARX,0.84,0.72,0.56,p01
PARTIAL_MALL,ElasticNet,LogHAR,0.4,0.32,0.32,none
PARTIAL_MALL,ElasticNet,LevHAR,0.96,0.96,0.92,p01
PARTIAL_MALL,ElasticNet,SHAR,0.84,0.84,0.8,p01
PARTIAL_MALL,ElasticNet,HARQ,0.84,0.72,0.68,p01
PARTIAL_MALL,ElasticNet,Ridge,0.76,0.68,0.6,p01
PARTIAL_MALL,ElasticNet,Lasso,0.16,0.12,0.08,none
PARTIAL_MALL,ElasticNet,ElasticNet,0.0,0.0,0.0,none
PARTIAL_MALL,ElasticNet,AdaptiveLasso,0.32,0.28,0.24,none
PARTIAL_MALL,ElasticNet,PostLasso,0.52,0.4,0.4,p10
PARTIAL_MALL,ElasticNet,Bagging,0.44,0.4,0.36,none
PARTIAL_MALL,ElasticNet,RandomForest,0.44,0.4,0.36,none
PARTIAL_MALL,ElasticNet,GradientBoosting,0.2,0.2,0.16,none
PARTIAL_MALL,ElasticNet,NN1_1,0.08,0.08,0.04,none
PARTIAL_MALL,ElasticNet,NN1,0.0,0.0,0.0,none
PARTIAL_MALL,ElasticNet,NN2_1,0.0,0.0,0.0,none
PARTIAL_MALL,ElasticNet,NN2,0.04,0.0,0.0,none
PARTIAL_MALL,ElasticNet,NN3_1,0.04,0.04,0.0,none
PARTIAL_MALL,ElasticNet,NN3,0.0,0.0,0.0,none
PARTIAL_MALL,ElasticNet,NN4_1,0.0,0.0,0.0,none
PARTIAL_MALL,ElasticNet,NN4,0.0,0.0,0.0,none
PARTIAL_MALL,AdaptiveLasso,HAR,0.32,0.24,0.2,none
PARTIAL_MALL,AdaptiveLasso,HARX,0.8,0.68,0.6,p01
PARTIAL_MALL,AdaptiveLasso,LogHAR,0.52,0.48,0.48,p10
PARTIAL_MALL,AdaptiveLasso,LevHAR,1.0,0.96,0.96,p01
PARTIAL_MALL,AdaptiveLasso,SHAR,0.96,0.84,0.72,p01
PARTIAL_MALL,AdaptiveLasso,HARQ,0.8,0.72,0.64,p01
PARTIAL_MALL,AdaptiveLasso,Ridge,0.68,0.64,0.56,p01
PARTIAL_MALL,AdaptiveLasso,Lasso,0.36,0.24,0.24,none
PARTIAL_MALL,AdaptiveLasso,ElasticNet,0.36,0.28,0.2,none
PARTIAL_MALL,AdaptiveLasso,AdaptiveLasso,0.0,0.0,0.0,none
PARTIAL_MALL,AdaptiveLasso,PostLasso,0.52,0.48,0.36,p10
PARTIAL_MALL,AdaptiveLasso,Bagging,0.52,0.52,0.4,p05
PARTIAL_MALL,AdaptiveLasso,RandomForest,0.52,0.52,0.44,p05
PARTIAL_MALL,AdaptiveLasso,GradientBoosting,0.32,0.28,0.2,none
PARTIAL_MALL,AdaptiveLasso,NN1_1,0.08,0.08,0.08,none
PARTIAL_MALL,AdaptiveLasso,NN1,0.08,0.04,0.04,none
PARTIAL_MALL,AdaptiveLasso,NN2_1,0.04,0.04,0.04,none
PARTIAL_MALL,AdaptiveLasso,NN2,0.04,0.04,0.04,none
PARTIAL_MALL,AdaptiveLasso,NN3_1,0.04,0.04,0.04,none
PARTIAL_MALL,AdaptiveLasso,NN3,0.04,0.04,0.04,none
PARTIAL_MALL,AdaptiveLasso,NN4_1,0.04,0.04,0.04,none
PARTIAL_MALL,AdaptiveLasso,NN4,0.04,0.04,0.04,none
PARTIAL_MALL,PostLasso,HAR,0.16,0.08,0.0,none
PARTIAL_MALL,PostLasso,HARX,0.72,0.6,0.32,p05
PARTIAL_MALL,PostLasso,LogHAR,0.32,0.32,0.28,none
PARTIAL_MALL,PostLasso,LevHAR,0.96,0.96,0.96,p01
PARTIAL_MALL,PostLasso,SHAR,0.84,0.84,0.76,p01
PARTIAL_MALL,PostLasso,HARQ,0.72,0.6,0.52,p01
PARTIAL_MALL,PostLasso,Ridge,0.6,0.56,0.24,p05
PARTIAL_MALL,PostLasso,Lasso,0.08,0.0,0.0,none
PARTIAL_MALL,PostLasso,ElasticNet,0.12,0.04,0.0,none
PARTIAL_MALL,PostLasso,AdaptiveLasso,0.08,0.08,0.08,none
PARTIAL_MALL,PostLasso,PostLasso,0.0,0.0,0.0,none
PARTIAL_MALL,PostLasso,Bagging,0.36,0.32,0.28,none
PARTIAL_MALL,PostLasso,RandomForest,0.36,0.32,0.24,none
PARTIAL_MALL,PostLasso,GradientBoosting,0.16,0.08,0.08,none
PARTIAL_MALL,PostLasso,NN1_1,0.04,0.04,0.0,none
PARTIAL_MALL,PostLasso,NN1,0.0,0.0,0.0,none
PARTIAL_MALL,PostLasso,NN2_1,0.0,0.0,0.0,none
PARTIAL_MALL,PostLasso,NN2,0.0,0.0,0.0,none
PARTIAL_MALL,PostLasso,NN3_1,0.0,0.0,0.0,none
PARTIAL_MALL,PostLasso,NN3,0.0,0.0,0.0,none
PARTIAL_MALL,PostLasso,NN4_1,0.0,0.0,0.0,none
PARTIAL_MALL,PostLasso,NN4,0.0,0.0,0.0,none
PARTIAL_MALL,Bagging,HAR,0.0,0.0,0.0,none
PARTIAL_MALL,Bagging,HARX,0.56,0.48,0.36,p10
PARTIAL_MALL,Bagging,LogHAR,0.04,0.0,0.0,none
PARTIAL_MALL,Bagging,LevHAR,0.84,0.76,0.72,p01
PARTIAL_MALL,Bagging,SHAR,0.56,0.56,0.56,p01
PARTIAL_MALL,Bagging,HARQ,0.6,0.56,0.4,p05
PARTIAL_MALL,Bagging,Ridge,0.56,0.48,0.24,p10
PARTIAL_MALL,Bagging,Lasso,0.12,0.08,0.04,none
PARTIAL_MALL,Bagging,ElasticNet,0.12,0.04,0.04,none
PARTIAL_MALL,Bagging,AdaptiveLasso,0.24,0.2,0.12,none
PARTIAL_MALL,Bagging,PostLasso,0.36,0.28,0.12,none
PARTIAL_MALL,Bagging,Bagging,0.0,0.0,0.0,none
PARTIAL_MALL,Bagging,RandomForest,0.04,0.04,0.0,none
PARTIAL_MALL,Bagging,GradientBoosting,0.0,0.0,0.0,none
PARTIAL_MALL,Bagging,NN1_1,0.0,0.0,0.0,none
PARTIAL_MALL,Bagging,NN1,0.0,0.0,0.0,none
PARTIAL_MALL,Bagging,NN2_1,0.0,0.0,0.0,none
PARTIAL_MALL,Bagging,NN2,0.0,0.0,0.0,none
PARTIAL_MALL,Bagging,NN3_1,0.0,0.0,0.0,none
PARTIAL_MALL,Bagging,NN3,0.0,0.0,0.0,none
PARTIAL_MALL,Bagging,NN4_1,0.0,0.0,0.0,none
PARTIAL_MALL,Bagging,NN4,0.0,0.0,0.0,none
PARTIAL_MALL,RandomForest,HAR,0.0,0.0,0.0,none
PARTIAL_MALL,RandomForest,HARX,0.6,0.48,0.36,p10
PARTIAL_MALL,RandomForest,LogHAR,0.16,0.04,0.0,none
PARTIAL_MALL,RandomForest,LevHAR,0.84,0.8,0.72,p01
PARTIAL_MALL,RandomForest,SHAR,0.56,0.56,0.52,p01
PARTIAL_MALL,RandomForest,HARQ,0.64,0.6,0.4,p05
PARTIAL_MALL,RandomForest,Ridge,0.6,0.52,0.32,p05
PARTIAL_MALL,RandomForest,Lasso,0.12,0.08,0.08,none
PARTIAL_MALL,RandomForest,ElasticNet,0.16,0.08,0.04,none
PARTIAL_MALL,RandomForest,AdaptiveLasso,0.24,0.2,0.16,none
PARTIAL_MALL,RandomForest,PostLasso,0.48,0.28,0.2,none
PARTIAL_MALL,RandomForest,Bagging,0.08,0.04,0.0,none
PARTIAL_MALL,RandomForest,RandomForest,0.0,0.0,0.0,none
PARTIAL_MALL,RandomForest,GradientBoosting,0.0,0.0,0.0,none
PARTIAL_MALL,RandomForest,NN1_1,0.0,0.0,0.0,none
PARTIAL_MALL,RandomForest,NN1,0.0,0.0,0.0,none
PARTIAL_MALL,RandomForest,NN2_1,0.0,0.0,0.0,none
PARTIAL_MALL,RandomForest,NN2,0.0,0.0,0.0,none
PARTIAL_MALL,RandomForest,NN3_1,0.0,0.0,0.0,none
PARTIAL_MALL,RandomForest,NN3,0.0,0.0,0.0,none
PARTIAL_MALL,RandomForest,NN4_1,0.0,0.0,0.0,none
PARTIAL_MALL,RandomForest,NN4,0.0,0.0,0.0,none
PARTIAL_MALL,GradientBoosting,HAR,0.16,0.12,0.08,none
PARTIAL_MALL,GradientBoosting,HARX,0.72,0.6,0.56,p01
PARTIAL_MALL,GradientBoosting,LogHAR,0.76,0.72,0.56,p01
PARTIAL_MALL,GradientBoosting,LevHAR,0.88,0.84,0.8,p01
PARTIAL_MALL,GradientBoosting,SHAR,0.72,0.72,0.64,p01
PARTIAL_MALL,GradientBoosting,HARQ,0.84,0.68,0.52,p01
PARTIAL_MALL,GradientBoosting,Ridge,0.72,0.64,0.52,p01
PARTIAL_MALL,GradientBoosting,Lasso,0.4,0.32,0.28,none
PARTIAL_MALL,GradientBoosting,ElasticNet,0.44,0.4,0.36,none
PARTIAL_MALL,GradientBoosting,AdaptiveLasso,0.44,0.44,0.36,none
PARTIAL_MALL,GradientBoosting,PostLasso,0.56,0.56,0.4,p05
PARTIAL_MALL,GradientBoosting,Bagging,0.8,0.72,0.64,p01
PARTIAL_MALL,GradientBoosting,RandomForest,0.84,0.76,0.64,p01
PARTIAL_MALL,GradientBoosting,GradientBoosting,0.0,0.0,0.0,none
PARTIAL_MALL,GradientBoosting,NN1_1,0.0,0.0,0.0,none
PARTIAL_MALL,GradientBoosting,NN1,0.0,0.0,0.0,none
PARTIAL_MALL,GradientBoosting,NN2_1,0.0,0.0,0.0,none
PARTIAL_MALL,GradientBoosting,NN2,0.0,0.0,0.0,none
PARTIAL_MALL,GradientBoosting,NN3_1,0.0,0.0,0.0,none
PARTIAL_MALL,GradientBoosting,NN3,0.0,0.0,0.0,none
PARTIAL_MALL,GradientBoosting,NN4_1,0.0,0.0,0.0,none
PARTIAL_MALL,GradientBoosting,NN4,0.0,0.0,0.0,none
PARTIAL_MALL,NN1_1,HAR,0.72,0.56,0.36,p05
PARTIAL_MALL,NN1_1,HARX,0.8,0.76,0.72,p01
PARTIAL_MALL,NN1_1,LogHAR,0.96,0.92,0.84,p01
PARTIAL_MALL,NN1_1,LevHAR,0.96,0.96,0.92,p01
PARTIAL_MALL,NN1_1,SHAR,0.92,0.84,0.72,p01
PARTIAL_MALL,NN1_1,HARQ,0.96,0.88,0.72,p01
PARTIAL_MALL,NN1_1,Ridge,0.8,0.76,0.68,p01
PARTIAL_MALL,NN1_1,Lasso,0.72,0.68,0.4,p05
PARTIAL_MALL,NN1_1,ElasticNet,0.72,0.72,0.52,p01
PARTIAL_MALL,NN1_1,AdaptiveLasso,0.68,0.64,0.48,p05
PARTIAL_MALL,NN1_1,PostLasso,0.76,0.76,0.68,p01
PARTIAL_MALL,NN1_1,Bagging,0.96,0.92,0.72,p01
PARTIAL_MALL,NN1_1,RandomForest,1.0,0.92,0.76,p01
PARTIAL_MALL,NN1_1,GradientBoosting,0.76,0.6,0.44,p05
PARTIAL_MALL,NN1_1,NN1_1,0.0,0.0,0.0,none
PARTIAL_MALL,NN1_1,NN1,0.36,0.28,0.24,none
PARTIAL_MALL,NN1_1,NN2_1,0.2,0.2,0.16,none
PARTIAL_MALL,NN1_1,NN2,0.12,0.12,0.04,none
PARTIAL_MALL,NN1_1,NN3_1,0.24,0.16,0.12,none
PARTIAL_MALL,NN1_1,NN3,0.12,0.12,0.12,none
PARTIAL_MALL,NN1_1,NN4_1,0.08,0.08,0.08,none
PARTIAL_MALL,NN1_1,NN4,0.12,0.12,0.12,none
PARTIAL_MALL,NN1,HAR,0.8,0.56,0.32,p05
PARTIAL_MALL,NN1,HARX,0.84,0.8,0.68,p01
PARTIAL_MALL,NN1,LogHAR,1.0,0.96,0.84,p01
PARTIAL_MALL,NN1,LevHAR,1.0,1.0,0.84,p01
PARTIAL_MALL,NN1,SHAR,0.96,0.96,0.72,p01
PARTIAL_MALL,NN1,HARQ,0.96,0.96,0.76,p01
PARTIAL_MALL,NN1,Ridge,0.84,0.84,0.68,p01
PARTIAL_MALL,NN1,Lasso,0.76,0.64,0.44,p05
PARTIAL_MALL,NN1,ElasticNet,0.76,0.72,0.52,p01
PARTIAL_MALL,NN1,AdaptiveLasso,0.72,0.6,0.4,p05
PARTIAL_MALL,NN1,PostLasso,0.72,0.72,0.64,p01
PARTIAL_MALL,NN1,Bagging,0.96,0.92,0.76,p01
PARTIAL_MALL,NN1,RandomForest,0.96,0.96,0.76,p01
PARTIAL_MALL,NN1,GradientBoosting,0.84,0.72,0.32,p05
PARTIAL_MALL,NN1,NN1_1,0.32,0.28,0.2,none
PARTIAL_MALL,NN1,NN1,0.0,0.0,0.0,none
PARTIAL_MALL,NN1,NN2_1,0.08,0.04,0.04,none
PARTIAL_MALL,NN1,NN2,0.04,0.04,0.04,none
PARTIAL_MALL,NN1,NN3_1,0.16,0.08,0.0,none
PARTIAL_MALL,NN1,NN3,0.12,0.08,0.04,none
PARTIAL_MALL,NN1,NN4_1,0.08,0.04,0.0,none
PARTIAL_MALL,NN1,NN4,0.04,0.0,0.0,none
PARTIAL_MALL,NN2_1,HAR,0.8,0.64,0.36,p05
PARTIAL_MALL,NN2_1,HARX,0.92,0.8,0.68,p01
PARTIAL_MALL,NN2_1,LogHAR,1.0,1.0,0.84,p01
PARTIAL_MALL,NN2_1,LevHAR,0.96,0.96,0.96,p01
PARTIAL_MALL,NN2_1,SHAR,0.92,0.92,0.72,p01
PARTIAL_MALL,NN2_1,HARQ,0.92,0.92,0.76,p01
PARTIAL_MALL,NN2_1,Ridge,0.92,0.8,0.72,p01
PARTIAL_MALL,NN2_1,Lasso,0.76,0.68,0.52,p01
PARTIAL_MALL,NN2_1,ElasticNet,0.76,0.76,0.6,p01
PARTIAL_MALL,NN2_1,AdaptiveLasso,0.68,0.68,0.48,p05
PARTIAL_MALL,NN2_1,PostLasso,0.76,0.72,0.64,p01
PARTIAL_MALL,NN2_1,Bagging,1.0,1.0,0.76,p01
PARTIAL_MALL,NN2_1,RandomForest,1.0,1.0,0.76,p01
PARTIAL_MALL,NN2_1,GradientBoosting,0.88,0.76,0.4,p05
PARTIAL_MALL,NN2_1,NN1_1,0.48,0.44,0.32,none
PARTIAL_MALL,NN2_1,NN1,0.6,0.52,0.44,p05
PARTIAL_MALL,NN2_1,NN2_1,0.0,0.0,0.0,none
PARTIAL_MALL,NN2_1,NN2,0.24,0.24,0.12,none
PARTIAL_MALL,NN2_1,NN3_1,0.48,0.32,0.16,none
PARTIAL_MALL,NN2_1,NN3,0.28,0.2,0.16,none
PARTIAL_MALL,NN2_1,NN4_1,0.2,0.12,0.04,none
PARTIAL_MALL,NN2_1,NN4,0.12,0.04,0.04,none
PARTIAL_MALL,NN2,HAR,0.88,0.72,0.64,p01
PARTIAL_MALL,NN2,HARX,0.96,0.84,0.72,p01
PARTIAL_MALL,NN2,LogHAR,1.0,1.0,0.92,p01
PARTIAL_MALL,NN2,LevHAR,1.0,1.0,0.92,p01
PARTIAL_MALL,NN2,SHAR,1.0,0.92,0.76,p01
PARTIAL_MALL,NN2,HARQ,0.96,0.96,0.8,p01
PARTIAL_MALL,NN2,Ridge,0.96,0.88,0.76,p01
PARTIAL_MALL,NN2,Lasso,0.8,0.76,0.56,p01
PARTIAL_MALL,NN2,ElasticNet,0.8,0.76,0.68,p01
PARTIAL_MALL,NN2,AdaptiveLasso,0.8,0.68,0.56,p01
PARTIAL_MALL,NN2,PostLasso,0.76,0.72,0.6,p01
PARTIAL_MALL,NN2,Bagging,1.0,1.0,0.88,p01
PARTIAL_MALL,NN2,RandomForest,1.0,1.0,0.88,p01
PARTIAL_MALL,NN2,GradientBoosting,0.96,0.8,0.56,p01
PARTIAL_MALL,NN2,NN1_1,0.48,0.48,0.48,none
PARTIAL_MALL,NN2,NN1,0.72,0.68,0.52,p01
PARTIAL_MALL,NN2,NN2_1,0.36,0.32,0.2,none
PARTIAL_MALL,NN2,NN2,0.0,0.0,0.0,none
PARTIAL_MALL,NN2,NN3_1,0.44,0.36,0.16,none
PARTIAL_MALL,NN2,NN3,0.52,0.44,0.16,p10
PARTIAL_MALL,NN2,NN4_1,0.16,0.16,0.08,none
PARTIAL_MALL,NN2,NN4,0.16,0.12,0.08,none
PARTIAL_MALL,NN3_1,HAR,0.8,0.72,0.4,p05
PARTIAL_MALL,NN3_1,HARX,0.92,0.76,0.64,p01
PARTIAL_MALL,NN3_1,LogHAR,0.96,0.92,0.84,p01
PARTIAL_MALL,NN3_1,LevHAR,1.0,0.96,0.92,p01
PARTIAL_MALL,NN3_1,SHAR,1.0,0.96,0.68,p01
PARTIAL_MALL,NN3_1,HARQ,0.96,0.92,0.72,p01
PARTIAL_MALL,NN3_1,Ridge,0.92,0.76,0.64,p01
PARTIAL_MALL,NN3_1,Lasso,0.72,0.68,0.48,p05
PARTIAL_MALL,NN3_1,ElasticNet,0.72,0.68,0.6,p01
PARTIAL_MALL,NN3_1,AdaptiveLasso,0.76,0.6,0.48,p05
PARTIAL_MALL,NN3_1,PostLasso,0.72,0.68,0.56,p01
PARTIAL_MALL,NN3_1,Bagging,0.96,0.88,0.68,p01
PARTIAL_MALL,NN3_1,RandomForest,0.96,0.88,0.76,p01
PARTIAL_MALL,NN3_1,GradientBoosting,0.8,0.72,0.44,p05
PARTIAL_MALL,NN3_1,NN1_1,0.48,0.4,0.28,none
PARTIAL_MALL,NN3_1,NN1,0.52,0.44,0.36,p10
PARTIAL_MALL,NN3_1,NN2_1,0.24,0.24,0.16,none
PARTIAL_MALL,NN3_1,NN2,0.16,0.12,0.08,none
PARTIAL_MALL,NN3_1,NN3_1,0.0,0.0,0.0,none
PARTIAL_MALL,NN3_1,NN3,0.2,0.2,0.12,none
PARTIAL_MALL,NN3_1,NN4_1,0.12,0.12,0.08,none
PARTIAL_MALL,NN3_1,NN4,0.12,0.08,0.0,none
PARTIAL_MALL,NN3,HAR,0.8,0.72,0.56,p01
PARTIAL_MALL,NN3,HARX,0.92,0.88,0.72,p01
PARTIAL_MALL,NN3,LogHAR,1.0,1.0,0.96,p01
PARTIAL_MALL,NN3,LevHAR,1.0,0.96,0.88,p01
PARTIAL_MALL,NN3,SHAR,1.0,0.96,0.72,p01
PARTIAL_MALL,NN3,HARQ,0.96,0.92,0.8,p01
PARTIAL_MALL,NN3,Ridge,0.92,0.8,0.72,p01
PARTIAL_MALL,NN3,Lasso,0.76,0.68,0.48,p05
PARTIAL_MALL,NN3,ElasticNet,0.8,0.76,0.64,p01
PARTIAL_MALL,NN3,AdaptiveLasso,0.72,0.72,0.52,p01
PARTIAL_MALL,NN3,PostLasso,0.72,0.72,0.6,p01
PARTIAL_MALL,NN3,Bagging,1.0,1.0,0.8,p01
PARTIAL_MALL,NN3,RandomForest,1.0,1.0,0.88,p01
PARTIAL_MALL,NN3,GradientBoosting,0.92,0.92,0.56,p01
PARTIAL_MALL,NN3,NN1_1,0.56,0.48,0.32,p10
PARTIAL_MALL,NN3,NN1,0.6,0.6,0.48,p05
PARTIAL_MALL,NN3,NN2_1,0.24,0.2,0.16,none
PARTIAL_MALL,NN3,NN2,0.36,0.24,0.12,none
PARTIAL_MALL,NN3,NN3_1,0.4,0.32,0.28,none
PARTIAL_MALL,NN3,NN3,0.0,0.0,0.0,none
PARTIAL_MALL,NN3,NN4_1,0.24,0.12,0.12,none
PARTIAL_MALL,NN3,NN4,0.12,0.08,0.04,none
PARTIAL_MALL,NN4_1,HAR,0.88,0.76,0.6,p01
PARTIAL_MALL,NN4_1,HARX,0.96,0.88,0.72,p01
PARTIAL_MALL,NN4_1,LogHAR,1.0,1.0,0.92,p01
PARTIAL_MALL,NN4_1,LevHAR,1.0,1.0,0.92,p01
PARTIAL_MALL,NN4_1,SHAR,1.0,1.0,0.8,p01
PARTIAL_MALL,NN4_1,HARQ,0.96,0.96,0.88,p01
PARTIAL_MALL,NN4_1,Ridge,0.96,0.84,0.72,p01
PARTIAL_MALL,NN4_1,Lasso,0.76,0.76,0.44,p05
PARTIAL_MALL,NN4_1,ElasticNet,0.8,0.76,0.6,p01
PARTIAL_MALL,NN4_1,AdaptiveLasso,0.76,0.68,0.52,p01
PARTIAL_MALL,NN4_1,PostLasso,0.76,0.76,0.68,p01
PARTIAL_MALL,NN4_1,Bagging,1.0,1.0,0.88,p01
PARTIAL_MALL,NN4_1,RandomForest,1.0,1.0,0.92,p01
PARTIAL_MALL,NN4_1,GradientBoosting,0.96,0.92,0.6,p01
PARTIAL_MALL,NN4_1,NN1_1,0.48,0.44,0.24,none
PARTIAL_MALL,NN4_1,NN1,0.68,0.6,0.4,p05
PARTIAL_MALL,NN4_1,NN2_1,0.44,0.4,0.24,none
PARTIAL_MALL,NN4_1,NN2,0.36,0.28,0.16,none
PARTIAL_MALL,NN4_1,NN3_1,0.52,0.48,0.36,p10
PARTIAL_MALL,NN4_1,NN3,0.44,0.4,0.32,none
PARTIAL_MALL,NN4_1,NN4_1,0.0,0.0,0.0,none
PARTIAL_MALL,NN4_1,NN4,0.24,0.24,0.12,none
PARTIAL_MALL,NN4,HAR,0.88,0.8,0.6,p01
PARTIAL_MALL,NN4,HARX,0.96,0.88,0.72,p01
PARTIAL_MALL,NN4,LogHAR,1.0,1.0,0.96,p01
PARTIAL_MALL,NN4,LevHAR,1.0,0.96,0.92,p01
PARTIAL_MALL,NN4,SHAR,1.0,0.96,0.8,p01
PARTIAL_MALL,NN4,HARQ,0.96,0.92,0.84,p01
PARTIAL_MALL,NN4,Ridge,0.96,0.92,0.72,p01
PARTIAL_MALL,NN4,Lasso,0.88,0.76,0.56,p01
PARTIAL_MALL,NN4,ElasticNet,0.88,0.76,0.68,p01
PARTIAL_MALL,NN4,AdaptiveLasso,0.72,0.72,0.52,p01
PARTIAL_MALL,NN4,PostLasso,0.76,0.72,0.68,p01
PARTIAL_MALL,NN4,Bagging,1.0,1.0,0.88,p01
PARTIAL_MALL,NN4,RandomForest,1.0,1.0,0.96,p01
PARTIAL_MALL,NN4,GradientBoosting,1.0,0.92,0.56,p01
PARTIAL_MALL,NN4,NN1_1,0.64,0.52,0.44,p05
PARTIAL_MALL,NN4,NN1,0.76,0.68,0.6,p01
PARTIAL_MALL,NN4,NN2_1,0.36,0.36,0.28,none
PARTIAL_MALL,NN4,NN2,0.6,0.52,0.44,p05
PARTIAL_MALL,NN4,NN3_1,0.6,0.48,0.32,p10
PARTIAL_MALL,NN4,NN3,0.64,0.6,0.52,p01
PARTIAL_MALL,NN4,NN4_1,0.44,0.44,0.28,none
PARTIAL_MALL,NN4,NN4,0.0,0.0,0.0,none
